bbl,address,pano_id,status,lat,lng,neighborhood
1000090014,"17 State St, New York, NY 10004",DP3gaanslVpMZLVVDemx7A,SUCCESS,40.7028885,-74.0138771,Financial District-Battery Park City
1000090029,"24 State St, New York, NY 10004",lGNEJNlH58ol81fgJvX7sg,SUCCESS,40.7034516,-74.01412909999999,Financial District-Battery Park City
1000100014,"33 Whitehall St, New York, NY 10004",yLdBUlmqSilqhrzIBXwrPA,SUCCESS,40.703353,-74.0127036,Midtown
1000100023,"1 Whitehall St, New York, NY 10004",uARwlQDXFCCDKb59sRpduA,SUCCESS,40.7038046,-74.0128442,Financial District-Battery Park City
1000130001,"1 Broadway, New York, NY 10004",dzCZ4bs1yiTS83Ui9-eApA,SUCCESS,40.7049658,-74.0144968,Financial District-Battery Park City
1000130005,"11 Broadway, New York, NY 10004",eQk4zhN9mYfIIhauG5cVAA,SUCCESS,40.7052717,-74.0139684,Financial District-Battery Park City
1000130027,"25 Broadway, New York, NY 10004",RowNPPc4jWmPOV5t8WrAxg,SUCCESS,40.7029347,-74.0128136,Financial District
1000160260,"200 W St, New York, NY 10282",vRZ5SHH7y4JqLMsPNliJ9w,SUCCESS,40.714751,-74.0143441,Midtown
1000200004,"39 Broadway, New York, NY 10006",NeZqNBfjwwjE4iDmTloQUA,SUCCESS,40.7064204,-74.0133518,Financial District-Battery Park City
1000200009,"45 Broadway, New York, NY 10006",U_oQCGTAVWj7LDWI2Q_ICw,SUCCESS,40.7064951,-74.01293249999999,Financial District-Battery Park City
1000200016,"55 Broadway, New York, NY 10006",Ws05Z2wNxSDa2O98mSrihg,SUCCESS,40.7067667,-74.0129989,Financial District-Battery Park City
1000210001,"61 Broadway, New York, NY 10006",_ChpJG07Dsm6reIWXbvPSA,SUCCESS,40.7070853,-74.01255259999999,Financial District-Battery Park City
1000210004,"65 Broadway, New York, NY 10006",DqGcKKvb_YQpx2L4d3jbkQ,SUCCESS,40.7073811,-74.01255050000002,Financial District-Battery Park City
1000220013,"26 Broadway, New York, NY 10004",yN2ndkHD7aXO12mGkECuzg,SUCCESS,40.7052022,-74.0131655,Financial District-Battery Park City
1000220017,"32 Broadway, New York, NY 10004",DZOOTDBx6OUHLts0GLYqYw,SUCCESS,40.70580349999999,-74.0127107,Financial District-Battery Park City
1000220020,"42 Broadway, New York, NY 10004",SiDZ5ZsWw6JGIkVe9srOFg,SUCCESS,40.705974,-74.01261459999999,Financial District-Battery Park City
1000220024,"50 Broadway, New York, NY 10004",4UseEPtaqoL6LfQEs3hllg,SUCCESS,40.7063491,-74.0125217,Financial District-Battery Park City
1000220028,"52 Broadway, New York, NY 10004",b2sSXjGAAOnTs3Ie5TR9_g,SUCCESS,40.7065844,-74.0123328,Financial District-Battery Park City
1000240001,"60 Broad St, New York, NY 10004",JsJ4WHaY6L2RvX_Xou0xFg,SUCCESS,40.705607,-74.0115912,Financial District-Battery Park City
1000240029,"30 Broad St, New York, NY 10004",Iqg43so4Hoka8WlkxPBaGg,SUCCESS,40.7061944,-74.0116611,Financial District
1000250001,"55 Broad St, New York, NY 10004",Y32YYIgJEkNcPEZSJy95VQ,SUCCESS,40.7053508,-74.0107163,Financial District
1000290036,"1 William St, New York, NY 10004",zLisD440O1AUKGucylkdKQ,SUCCESS,40.704732,-74.0100293,Financial District
1000290070,"75 Broad St, New York, NY 10004",gAD5Stmqi-lVJwKEJTvThA,SUCCESS,40.70468260000001,-74.01141659999999,Financial District-Battery Park City
1000290073,"44 Beaver St, New York, NY 10004",UZPnX6qj1OMLJD9hOqK_6w,SUCCESS,40.7050013,-74.01075879999999,Midtown
1000330001,"77 Water St, New York, NY 10005",MjCZX6ErgQGLzPVXBos6ig,SUCCESS,40.70428099999999,-74.0082994,Financial District-Battery Park City
1000390012,"110 Maiden Lane, New York, NY 10005",15rzloWwl03WQeBptl2rgQ,SUCCESS,40.7063612,-74.00674409999999,Financial District-Battery Park City
1000400003,"60 Wall St, New York, NY 10005",tLThZly5RZxOzWuq-sxbMQ,SUCCESS,40.7062255,-74.00839119999999,Financial District
1000400014,"48 Wall St, New York, NY 10005",7OdiNJVp24oBJTDawyF50w,SUCCESS,40.7063011,-74.0091408,Financial District-Battery Park City
1000420031,"80 Maiden Lane, New York, NY 10038",7W7PQchJU3gQwgG_rnqh_g,SUCCESS,40.7072072,-74.0075755,Financial District-Battery Park City
1000430001,"44 Wall St, New York, NY 10005",qMn9pXR_MhsljutOAyenag,SUCCESS,40.706638,-74.0096598,Financial District-Battery Park City
1000460001,"2 Wall St, New York, NY 10005",ZHW0klpqrbA9X0C7c5CTXg,SUCCESS,40.7077394,-74.0113063,Financial District
1000460009,"14 Wall St, New York, NY 10005",uN-UiAs5frRsucf0KfXYwA,SUCCESS,40.7076193,-74.01059479999999,Financial District-Battery Park City
1000480001,"140 Broadway, New York, NY 10005",1i-nY5Dw3sbUM7BMFhmjxQ,SUCCESS,40.70931059999999,-74.0099046,Financial District-Battery Park City
1000490002,"111 Broadway, New York, NY 10006",YSJxz8qmVvOGyc9tzxIk9w,SUCCESS,40.7086765,-74.01151290000001,Financial District-Battery Park City
1000500001,"115 Broadway, New York, NY 10006",YSJxz8qmVvOGyc9tzxIk9w,SUCCESS,40.7088781,-74.0113265,Financial District-Battery Park City
1000510007,"76 Trinity Pl, New York, NY 10006",OKvCGnmggPVjJ1uaxenfAQ,SUCCESS,40.7086576,-74.0125382,Midtown
1000640012,"150 Broadway, New York, NY 10038",Oo_aUv7Jnr5k73PTrXzdLg,SUCCESS,40.7091863,-74.0101499,Financial District-Battery Park City
1000640015,"160 Broadway, New York, NY 10038",1i-nY5Dw3sbUM7BMFhmjxQ,SUCCESS,40.7094093,-74.01003829999999,Financial District-Battery Park City
1000650007,"15 Maiden Lane, New York, NY 10038",loPs1KmA1L4zcF88wkTAsg,SUCCESS,40.7095048,-74.00913059999999,Financial District-Battery Park City
1000660001,"19 Liberty St, New York, NY 10038",Oo_aUv7Jnr5k73PTrXzdLg,SUCCESS,40.7091323,-74.0102531,Financial District
1000670001,"59 Maiden Lane, New York, NY 10038",rpegDLx4NKsgOgxnXTuxJw,SUCCESS,40.7088713,-74.0079239,Financial District-Battery Park City
1000680011,"75 Maiden Lane, New York, NY 10038",FQRqKqjRWMqk5vTgYl8I3Q,SUCCESS,40.7076971,-74.0076924,Financial District-Battery Park City
1000750030,"111 John St, New York, NY 10038",HDb0VXIfDMgU28cyd5A2ZA,SUCCESS,40.7078269,-74.0057814,Financial District-Battery Park City
1000770008,"110 William St, New York, NY 10038",v5PqBe0RvX0JSuz8U0JtKQ,SUCCESS,40.7087931,-74.0068363,Financial District-Battery Park City
1000880001,"217 Broadway, New York, NY 10007",MSakdcv1AA3HvdHUg07AHg,SUCCESS,40.7117254,-74.0087035,Financial District
1000880010,"30 Vesey St, New York, NY 10007",69T0A1Obws2zsIdbaQyL9Q,SUCCESS,40.7121365,-74.0098534,Tribeca-Civic Center
1000880018,"225 Broadway, New York, NY 10007",Zyhivg4FbXL_jWuUcYW9xg,SUCCESS,40.7121079,-74.0085596,Tribeca-Civic Center
1000920024,"116 Nassau St, New York, NY 10038",2snZYm8Q_CAKJX9zSeE5Pg,SUCCESS,40.7107285,-74.0070252,Financial District
1000940025,"100 Gold St, New York, NY 10038",tLF12aasJccl4R6dujCnXA,SUCCESS,40.7102934,-74.0032025,Midtown
1001190001,"1 Police Plaza, New York, NY 10038",vn_I01dURziFbAuSXHUwDQ,SUCCESS,40.71206189999999,-74.0023853,Midtown
1001210001,"1 Centre St, New York, NY 10013",sCb1Vh8jJPFAdJQXvutLjQ,SUCCESS,40.7130112,-74.0036141,Midtown
1001220001,"52 Chambers St, New York, NY 10007",fpYHvzl_u7CQ4JiKZiAXgA,SUCCESS,40.7134071,-74.00552569999999,Midtown
1001240004,"11 Park Pl, New York, NY 10128",EXCEE64lST4Dmt2jYawlnw,SUCCESS,40.7130885,-74.0085418,Midtown
1001270018,"255 Greenwich St, New York, NY 10007",36fG488SEfKHcXje_VtHjA,SUCCESS,40.7143682,-74.0112886,Tribeca-Civic Center
1001480010,"71 Thomas St, New York, NY 10013",9mKincUAAuP7P7igP9uQaA,SUCCESS,40.7170097,-74.00753929999999,Midtown
1001530001,"280 Broadway, New York, NY 10007",57gqtYwGO1FAHVZ7Pw8rQA,SUCCESS,40.7145277,-74.0058103,Tribeca-Civic Center
1001530024,"23 Chambers St, New York, NY 10007",K3cfj5sROh_pICHafaKr7A,SUCCESS,40.7155463,-74.0089709,Midtown
1001540023,"14 Reade St, New York, NY 10007",uSaBMsVSTdEIk3p6l2HC2w,SUCCESS,40.7136259,-74.0038154,Midtown
1001550001,"2 Lafayette St, New York, NY 10007",Vs3VH88VTo4j6Y2mXqptYw,SUCCESS,40.7141052,-74.00386680000001,Midtown
1001550003,"52 Duane St, New York, NY 10007",wqOkmWNWQQfYVV__o5nkKQ,SUCCESS,40.7142542,-74.00397869999999,Tribeca-Civic Center
1001680032,"75 Centre St, New York, NY 10013",T8C7JoCmO-j542QmqUYXuQ,SUCCESS,40.7155736,-74.0021641,Midtown
1001940042,"60 Walker St, New York, NY 10013",EW0K1Qfvuu_TDtFh6DFDeA,SUCCESS,40.7190002,-74.0029715,Midtown
1001960005,"408 Broadway, New York, NY 10013",pSESs37xoFScW9pApNub0Q,SUCCESS,40.7188811,-74.00185619999999,Tribeca-Civic Center
1002210030,"200 Hudson St, New York, NY 10013",o3Lb3GXnICBStLSF8bCvPQ,SUCCESS,40.7233891,-74.0081462,Tribeca
1002320001,"434 Broadway, New York, NY 10013",LIAPLIZsu_9CKI8dLVYqOg,SUCCESS,40.7199389,-74.001046,Financial District
1004730001,"462 Broadway, New York, NY 10013",0_TObVpbYDU07zY3adMn7A,SUCCESS,40.7209296,-74.0004027,Financial District
1004740030,"483 Broadway, New York, NY 10013",l40YtC5OiBoCsCyL5cTowg,SUCCESS,40.7217241,-74.0003215,Financial District
1004820016,"72 Spring St, New York, NY 10012",E709M_ue2OsPOxuuN8XiPA,SUCCESS,40.72248039999999,-73.9978162,SoHo-Little Italy-Hudson Square
1004860011,"84 Wooster St, New York, NY 10012",UjwV7OMjvtLg-D2VsTM_UA,SUCCESS,40.7238137,-74.0011378,SoHo-Little Italy-Hudson Square
1004960036,"71 Spring St, New York, NY 10012",e3oCtdSokeQ8ZarBnr8gfA,SUCCESS,40.7226723,-73.997475,SoHo-Little Italy-Hudson Square
1004960040,"75 Spring St, New York, NY 10012",4abS081bdz2HdKcSlWD3LQ,SUCCESS,40.7227697,-73.99767829999999,SoHo-Little Italy-Hudson Square
1004970001,"530 Broadway, New York, NY 10012",BSL59TomcNJE-bKk8IZpMA,SUCCESS,40.72315649999999,-73.9984829,SoHo-Little Italy-Hudson Square
1004980009,"557 Broadway, New York, NY 10012",_9wUpN-kOOvZCTE2rmDTvA,SUCCESS,40.7241131,-73.998334,Financial District
1004980011,"549 Broadway, New York, NY 10012",9GkpOnc6Rd2UjkQvp70MzQ,SUCCESS,40.7237797,-73.99834299999999,Financial District
1004990007,"104 Greene St, New York, NY 10012",nJrUMVZ2JNG2-YSkgTsSFw,SUCCESS,40.7244058,-73.9995923,SoHo-Little Italy-Hudson Square
1005000011,"120 Wooster St, New York, NY 10012",uIvMoU0DaTT5SEDNzzQsug,SUCCESS,40.7250679,-74.0001326,SoHo-Little Italy-Hudson Square
1005050036,"161 Ave Of The Americas, New York, NY 10013",TNnXARhBwiZaEOF3tAzsZQ,SUCCESS,40.7258344,-74.0041217,SoHo-Little Italy-Hudson Square
1005100001,"63 Prince St, New York, NY 10012",FlbKZZZ1-WcfbXvdh2LKug,SUCCESS,40.723875,-73.9966151,SoHo-Little Italy-Hudson Square
1005100038,"298 Lafayette St, New York, NY 10012",xE6tPVXPJ14tOGx1-NussQ,SUCCESS,40.7246808,-73.9959789,SoHo-Little Italy-Hudson Square
1005110001,"568 Broadway, New York, NY 10012",jW8RviXeXZp6_dm1mhcFIQ,SUCCESS,40.7243392,-73.9973799,SoHo-Little Italy-Hudson Square
1005110006,"580 Broadway, New York, NY 10012",zX5OreungZh0Q4tAm-1D0Q,SUCCESS,40.726579,-73.99531259999999,SoHo-Little Italy-Hudson Square
1005110008,"584 Broadway, New York, NY 10012",4f6eOlRJPalqYSAFqMG7wQ,SUCCESS,40.7245682,-73.9970222,Financial District
1005110012,"592 Broadway, New York, NY 10012",anBSTXyobyJUnW1k1rtTvQ,SUCCESS,40.7282896,-73.994182,Financial District
1005120015,"591 Broadway, New York, NY 10012",SkIEsVhGaJQymm84YxEatw,SUCCESS,40.7250314,-73.9974228,Financial District
1005220001,"610 Broadway, New York, NY 10012",CVtsMTGiw1qF8AYyi4WQLQ,SUCCESS,40.72556300000001,-73.9963173,Financial District
1005230046,"625 Broadway, New York, NY 10012",hfrD3vdCFamtdkCkw98fkg,SUCCESS,40.7260638,-73.9965086,Financial District
1005300001,"670 Broadway, New York, NY 10012",KqOhUWYZx18GfPj4kTLGdA,SUCCESS,40.7271709,-73.9948071,Greenwich Village
1005310020,"383 Lafayette St, New York, NY 10003",2wELN22jyJluC-e2mBKqlg,SUCCESS,40.7275654,-73.9930117,Greenwich Village
1005320015,"661 Broadway, New York, NY 10012",EBaGFu2lfa_H29DNv4e5JQ,SUCCESS,40.7272078,-73.9954693,Greenwich Village
1005440008,"409 Lafayette St, New York, NY 10003",Lqu4vKswd4ccwVf4x5yDDQ,SUCCESS,40.728305,-73.992174,Midtown
1005450006,"708 Broadway, New York, NY 10003",Njx0-uJ_FU3yzC4UsbcNEw,SUCCESS,40.7287074,-73.99375239999999,Financial District
1005450015,"726 Broadway, New York, NY 10003",i41UtKCK6EJi7yvP7KIKaA,SUCCESS,40.7292863,-73.99330929999999,Greenwich Village
1005450053,"400 Lafayette St, New York, NY 10003",R_lVT9yZdnxRMjQkVefyBw,SUCCESS,40.7282544,-73.9932413,Midtown
1005460021,"19 W 4Th St, New York, NY 10012",euKoELszWDb_Txy0o_kzxw,SUCCESS,40.72910359999999,-73.9951974,Greenwich Village
1005460026,"21 W 4th St, New York, NY 10012",IKHD9PbZB-91LNg2gt1vyQ,SUCCESS,40.7286298,-73.99483409999999,Greenwich Village
1005480009,"13 University Pl, New York, NY 10003",_tXPPKB46BqF1oYpnvN2yQ,SUCCESS,40.731271,-73.994719,Greenwich Village
1005540001,"770 Broadway, New York, NY 10001",jofr6cyWjMt7AmHGr_hlVA,SUCCESS,40.7302969,-73.9911654,Greenwich Village
1005590016,"124 E 14th St, New York, NY 10003",DRnfIZ7pvO0QCx3gn9eEAA,SUCCESS,40.7338876,-73.988796,East Village
1005630001,"83 University Pl, New York, NY 10003",CXIs-6llJ9mvg3LYPIUvHA,SUCCESS,40.733457,-73.99302569999999,Greenwich Village
1005630031,"817 Broadway, New York, NY 10003",_yiK2KivKsHoyJ2tfAzlCw,SUCCESS,40.7331293,-73.9913302,Greenwich Village
1005630046,"57 E 11th St, New York, NY 10003",8RWBk1XxQ3dNctlVHt-eQw,SUCCESS,40.7330854,-73.9924202,Greenwich Village
1005650015,"849 Broadway, New York, NY 10003",R1nltDADBf79h9sC4AJfIA,SUCCESS,40.7343955,-73.99109,Greenwich Village
1005760046,"60 5 Ave, New York, NY 10011",FXmbr_EQ0hHddDqiy1Qd_g,SUCCESS,40.735016,-73.99480199999999,Greenwich Village
1005770034,"8 W 14th St, New York, NY 10011",J9zmxrQ9vuN5Glk3Jm4ljQ,SUCCESS,40.7359107,-73.9945613,Greenwich Village
1005780047,"250 Hudson St, New York, NY 10013",aTJjdvqj-kn8H6SrlkjXww,SUCCESS,40.7249946,-74.0072895,SoHo-Little Italy-Hudson Square
1005810063,"225 Varick St, New York, NY 10014",Fsc8Y8MgeDiZf6_MBR4Urg,SUCCESS,40.7289729,-74.00549389999999,Midtown
1005970001,"515 Greenwich St, New York, NY 10013",ScEh_tHBrr7TnFFEmeUs7g,SUCCESS,40.7262355,-74.008826,Tribeca
1005970012,"78 Vandam St, New York, NY 10013",8vQuw299Qo5LHhWJztqxwg,SUCCESS,40.726263,-74.00798499999999,SoHo-Little Italy-Hudson Square
1005970062,"323 Hudson St, New York, NY 10013",lbdKuBscHTCu1tCdYt-6Dg,SUCCESS,40.7268861,-74.0080974,SoHo-Little Italy-Hudson Square
1005990064,"375 Hudson St, New York, NY 10014",kek4XngbtmM25Z0d1FBcPQ,SUCCESS,40.7285001,-74.0073622,Tribeca
1006010047,"120 Leroy St, New York, NY 10014",x8R7ORqZ_K49g9c0iZzLEw,SUCCESS,40.73006,-74.00796799999999,West Village
1006020068,"435 Hudson St, New York, NY 10014",GwsH-h9UWMfE46vdxvnkSQ,SUCCESS,40.7306429,-74.0071095,Tribeca
1006090007,"154 W 14th St, New York, NY 10011",14uE6lLlWj8Q283Ij9UK6g,SUCCESS,40.738153,-73.9995658,Greenwich Village
1006450029,"416 W 13th St, New York, NY 10014",7IhVwYC5qcfG8qb2Le_IQQ,SUCCESS,40.740385,-74.0070118,Greenwich Village
1006460001,"40 10 Ave, New York, NY 10034",etY5QHwkpVzydZNqxzvqag,SUCCESS,40.74148599999999,-74.008156,West Village
1006460019,"860 Washington St, New York, NY 10014",qIP0CW7HviZ7JKbwuZq3nQ,SUCCESS,40.7412694,-74.0075924,West Village
1006460027,"428 W 14th St, New York, NY 10014",DSoIz42xeRCn-uYOPGitcw,SUCCESS,40.7411401,-74.0070618,West Village
1006720001,"601 W 26th St, New York, NY 10001",WE4z3jD6c2odhl5a6GBdCw,SUCCESS,40.7515771,-74.006581,Chelsea-Hudson Yards
1006980001,"244 11 Ave, New York, NY 10001",snl4nn9DJ6nLZuo66EmZcQ,SUCCESS,40.750995,-74.004904,Chelsea-Hudson Yards
1007120029,"47 9 Ave, New York, NY 10011",gYQjfW10jGqxFWNrbxealw,SUCCESS,40.7413531,-74.0055043,Chelsea-Hudson Yards
1007130001,"75 9 Ave, New York, NY 10011",9hpQhCkE7Axm1VzohycitQ,SUCCESS,40.7424509,-74.0059581,Chelsea
1007280060,"442 W 31st St, New York, NY 10001",hDDlOGkPeruBarM7OlEp-w,SUCCESS,40.7521268,-73.9999179,Chelsea-Hudson Yards
1007390001,"111 8 Ave, New York, NY 10011",Lzr3Y9byrVNZNfHAsUjr5Q,SUCCESS,40.7409942,-74.0019257,Chelsea
1007570054,"330 W 34th St, New York, NY 10001",QO4xVKXoRMK19stNNBK3PA,SUCCESS,40.7519787,-73.9957292,Chelsea-Hudson Yards
1007580082,"440 9 Ave, New York, NY 10001",KFP-cvmrHB-kBHSdWyzlRw,SUCCESS,40.7536567,-73.9955598,Chelsea-Hudson Yards
1007590045,"519 8 Ave, New York, NY 10018",JVSseE23aGrzZL7aOfrFQw,SUCCESS,40.7533976,-73.9929483,Chelsea-Hudson Yards
1007600032,"307 W 36th St, New York, NY 10018",P_g22yQmphGiSPvbxlO_Nw,SUCCESS,40.7539267,-73.9930064,Garment District
1007600055,"320 W 37th St, New York, NY 10018",M1fMPpOCfXsMI1tjz7ePQQ,SUCCESS,40.7544565,-73.9932668,Chelsea-Hudson Yards
1007610033,"545 8 Ave, New York, NY 10018",gcvpJN1L_1HY28-g5Q16HA,SUCCESS,40.7544946,-73.99216539999999,Chelsea-Hudson Yards
1007620033,"575 8 Ave, New York, NY 10018",ZEk0uWKBw8n-sAiraglWqA,SUCCESS,40.7550116,-73.9917432,Chelsea
1007620050,"318 W 39th St, New York, NY 10018",RaqTDagkfGftFXBF5n2g0g,SUCCESS,40.75563020000001,-73.99241769999999,Garment District
1007630024,"315 W 39th St, New York, NY 10018",zDSSYRKA1syAzRhDZnByGQ,SUCCESS,40.7559406,-73.99207059999999,Garment District
1007660061,"230 W 17th St, New York, NY 10011",o_giEputbAYuGT2bTfy4Wg,SUCCESS,40.7409512,-73.999838,Chelsea
1007760059,"236 W 27th St, New York, NY 10001",,NOT_FOUND,,,Midtown South-Flatiron-Union Square
1007780020,"239 W 28th St, New York, NY 10001",A5PzNXI9ANUKT_m21shZOg,SUCCESS,40.74818,-73.9949256,Midtown South-Flatiron-Union Square
1007780036,"322-326 7Th Ave, New York, NY 10001",F3b-BdBD3q24NgmghWqE6Q,SUCCESS,40.7474448,-73.99352879999999,East Village
1007780043,"330 7 Ave, New York, NY 10001",_PdMXTiHE-NIdSJXJtcdeA,SUCCESS,40.7477871,-73.993184,Garment District
1007790013,"241 W 29th St, New York, NY 10001",xOMTXLBFRKiGRCRWNSClhw,SUCCESS,40.7487198,-73.9943098,Midtown South-Flatiron-Union Square
1007790017,"231 W 29th St, New York, NY 10001",rTqvVdrGmS3MazPchT8ZuA,SUCCESS,40.7484665,-73.99403869999999,Garment District
1007790041,"352 7 Ave, New York, NY 10001",CgzpEqkGL3kDzjLMi5MdZw,SUCCESS,40.7482609,-73.9928549,Midtown South-Flatiron-Union Square
1007790057,"224 W 30th St, New York, NY 10001",FEmbEB_YVak-c31-xG5ywA,SUCCESS,40.7489321,-73.99368179999999,Midtown South-Flatiron-Union Square
1007790075,"400 8 Ave, New York, NY 10001",_7z0wRXGA_5Vem_u75U8qw,SUCCESS,40.7493705,-73.9953086,Midtown South-Flatiron-Union Square
1007800010,"251 W 30th St, New York, NY 10001",ENMEbu53ox5jZvJLN2Z7ZA,SUCCESS,40.7494632,-73.9942724,Midtown South-Flatiron-Union Square
1007800013,"247 W 30th St, New York, NY 10001",TsVHEURM-Me_NGstF4DPCA,SUCCESS,40.7492684,-73.9940446,Midtown South-Flatiron-Union Square
1007800036,"370 7 Ave, New York, NY 10001",MQmir_dbrdWEOVut79Gb2A,SUCCESS,40.7489275,-73.9925231,Midtown South-Flatiron-Union Square
1007800071,"254 W 31st St, New York, NY 10001",kzdPWURUlqwjZlTN-zcEYw,SUCCESS,40.7499055,-73.9943711,Garment District
1007830070,"250 W 34th St, New York, NY 10119",PKky8VO8Hkqqjb5r1J04sw,SUCCESS,40.7511763,-73.9915447,Midtown South-Flatiron-Union Square
1007840041,"450 7 Ave, New York, NY 10123",VKOfU16bOi2eOONxo8CHBg,SUCCESS,40.7512912,-73.99063919999999,Midtown-Times Square
1007840051,"212 W 35th St, New York, NY 10001",2CJHNngogB30MjYtNXV-Ig,SUCCESS,40.7517901,-73.99076110000001,Midtown-Times Square
1007840060,"224 W 35th St, New York, NY 10101",pXCFhs9LWkP8wyP5rCjMpw,SUCCESS,40.753411,-73.99301870000001,Midtown-Times Square
1007840064,"240 W 35th St, New York, NY 10001",aB4Y9tRjETrUg0LM5OeRlw,SUCCESS,40.7521012,-73.99202869999999,Midtown-Times Square
1007850037,"462 7 Ave, New York, NY 10018",cZYfnFqwWwAa6Vz5s4eFZg,SUCCESS,40.7520457,-73.9901612,Midtown-Times Square
1007850041,"470 7 Ave, New York, NY 10018",P2lL44atmbF9jUhF_GlCdw,SUCCESS,40.7521163,-73.9902176,Midtown-Times Square
1007850067,"242 W 36th St, New York, NY 10018",ajlRYuV2RSovvrnBHVkhhA,SUCCESS,40.7528229,-73.9916846,Midtown-Times Square
1007860013,"255 W 36th St, New York, NY 10018",ajlRYuV2RSovvrnBHVkhhA,SUCCESS,40.7532276,-73.9914584,Midtown-Times Square
1007860023,"229 W 36th St, New York, NY 10018",dSu4Oj_gCiehgRgNi5OrUg,SUCCESS,40.7530215,-73.9909457,Midtown-Times Square
1007860051,"498 7 Ave, New York, NY 10018",ledWYEL8kbEwhVxuH74-zw,SUCCESS,40.7528218,-73.9896601,Midtown-Times Square
1007860068,"240 W 37th St, New York, NY 10018",hEdukCYMhfAyaswwyVGA4w,SUCCESS,40.753421,-73.9910292,Midtown-Times Square
1007870020,"241 W 37th St, New York, NY 10018",Ik-whRHsVnnA-EbT5Gm0EQ,SUCCESS,40.7538706,-73.9909457,Midtown-Times Square
1007870040,"500 7 Ave, New York, NY 10018",O_vj07UJkD6SCRR2XfxAgA,SUCCESS,40.75326949999999,-73.99115359999999,Garment District
1007870044,"512 7 Ave, New York, NY 10018",OzA47xBENqBj7L4NY27eMw,SUCCESS,40.7532972,-73.9887351,Garment District
1007870072,"256 W 38th St, New York, NY 10018",38HQbHgwO_brUmuvcM-lZw,SUCCESS,40.7541793,-73.9909457,Midtown-Times Square
1007880004,"580 8 Ave, New York, NY 10018",vGiC85kt22FG__xkgLJqnA,SUCCESS,40.754852,-73.99119830000001,Midtown-Times Square
1007880049,"530 7 Ave, New York, NY 10018",SeDoaWalNRbHRWx7Rtf-qw,SUCCESS,40.75402860000001,-73.9887643,Midtown-Times Square
1007880073,"250 W 39th St, New York, NY 10018",OEqmh8MirgIL0W-HTBEJjA,SUCCESS,40.7547056,-73.990303,Garment District
1007890014,"251 W 39th St, New York, NY 10018",OEqmh8MirgIL0W-HTBEJjA,SUCCESS,40.7550883,-73.9900863,Garment District
1007890021,"231 W 39th St, New York, NY 10018",PGJTu0XmIC7udtCbYxv6SQ,SUCCESS,40.7548782,-73.989835,Garment District
1007890036,"550 7 Ave, New York, NY 10018",OlIKPvxA45clR_otXe8GGA,SUCCESS,40.7544525,-73.9884721,Midtown-Times Square
1007890052,"218 W 40th St, New York, NY 10018",SOv3pcvdbFTi2d8N78otuQ,SUCCESS,40.7550268,-73.9890394,Midtown-Times Square
1007890062,"240 W 40th St, New York, NY 10018",gIN7Uwqslaoq9dwWv56m1A,SUCCESS,40.7552667,-73.98958209999999,Midtown-Times Square
1007940017,"135 W 18th St, New York, NY 10011",fB_9xMUSL1N9v9VxdiyEqw,SUCCESS,40.740677,-73.99637469999999,Chelsea-Hudson Yards
1007940030,"615 Ave Of The Americas, New York, NY 10011",yDUWDJAl1oZBmymVyoK0zQ,SUCCESS,40.7401534,-73.99526709999999,Chelsea-Hudson Yards
1007950028,"111 W 19th St, New York, NY 10011",0UYff8vbq0Nf_BCH4TIAsg,SUCCESS,40.7410373,-73.9951908,Chelsea-Hudson Yards
1007950037,"635 Ave Of The Americas, New York, NY 10011",XJOL-yfFCx7qTfw0-HSz7A,SUCCESS,40.740701,-73.9947021,Chelsea-Hudson Yards
1007950044,"641 Ave Of The Americas, New York, NY 10011",arsY46SF86URL36__4unaA,SUCCESS,40.74078129999999,-73.9945882,Chelsea-Hudson Yards
1007990012,"155 W 23rd St, New York, NY 10011",pH1pQs7ZLc2CSpfmOb51SA,SUCCESS,40.743953,-73.994592,Chelsea
1007990028,"119 W 23rd St, New York, NY 10011",SiE1DImMjOTXi4K_IW5UIA,SUCCESS,40.74349780000001,-73.9934297,Chelsea-Hudson Yards
1008000025,"119 W 24th St, New York, NY 10011",n5_EGEPd2RrRnu0YZ3szdg,SUCCESS,40.7441214,-73.9932635,Chelsea-Hudson Yards
1008000065,"150 W 25th St, New York, NY 10001",cI4iwnExWpHIVJ6qJ73__A,SUCCESS,40.7448054,-73.9938181,Chelsea
1008010001,"275 7 Ave, New York, NY 10001",Mh7wZPquLP-9pJve6knR_g,SUCCESS,40.7456134,-73.9941716,Garment District
1008010024,"119 W 25th St, New York, NY 10001",a49QExLq-Lr4_ICs2ZexNg,SUCCESS,40.7446471,-73.99269629999999,Chelsea
1008010055,"122 W 26th St, New York, NY 10001",HXbEMK_5yr8TTqMudg8BZw,SUCCESS,40.7450796,-73.99260559999999,Chelsea
1008020008,"151 W 26th St, New York, NY 10001",srGGQdSIgfGcpvT2HNJDrw,SUCCESS,40.7457455,-73.9931919,Chelsea
1008020056,"122 W 27th St, New York, NY 10001",UCfb8qDWT2o28OIcNpfq9Q,SUCCESS,40.7457349,-73.9923305,Midtown South-Flatiron-Union Square
1008020075,"158 W 27th St, New York, NY 10001",wKiJdYMPQUngJffDEndAvQ,SUCCESS,40.74619999999999,-73.9934323,Midtown South-Flatiron-Union Square
1008030021,"121 W 27th St, New York, NY 10001",UCfb8qDWT2o28OIcNpfq9Q,SUCCESS,40.7460684,-73.9919615,Midtown South-Flatiron-Union Square
1008030067,"150 W 28th St, New York, NY 10001",JOPZeU1jon9mEEUgFgYAnw,SUCCESS,40.7467391,-73.99287970000002,Chelsea
1008040001,"319 7 Ave, New York, NY 10001",Kcixxdw3P50y7QSOsQtpxQ,SUCCESS,40.7472658,-73.9931222,Garment District
1008040011,"145 W 28th St, New York, NY 10001",SGDlmSE-7KN7dhzOCUMvGg,SUCCESS,40.7471372,-73.9924195,Chelsea
1008040044,"104 W 29th St, New York, NY 10001",LdfTZ9TR1SvANgAv7CvadA,SUCCESS,40.7467787,-73.9905857,Midtown South-Flatiron-Union Square
1008050003,"345 7 Ave, New York, NY 10001",CgzpEqkGL3kDzjLMi5MdZw,SUCCESS,40.7480629,-73.9924192,Midtown South-Flatiron-Union Square
1008050019,"135 W 29th St, New York, NY 10001",NVLO73WoVRGMswX9WnqJMA,SUCCESS,40.7474564,-73.99140919999999,Midtown South-Flatiron-Union Square
1008060009,"145 W 30th St, New York, NY 10001",8q9f27QyAUC6ngjaTPTv7Q,SUCCESS,40.7483343,-73.9915724,Midtown South-Flatiron-Union Square
1008070001,"393 7 Ave, New York, NY 10001",9Ir-Yeazo81U9AjXKze5Hg,SUCCESS,40.74914589999999,-73.9916751,Garment District
1008070039,"875 Ave Of The Americas, New York, NY 10001",dkRm2nv47SUs4jtrZD1S4w,SUCCESS,40.7482653,-73.98927479999999,Bryant Park
1008080040,"100 W 33rd St, New York, NY 10001",WYChIkp3yXS1bc6cffF2JQ,SUCCESS,40.7492737,-73.9896634,Midtown South-Flatiron-Union Square
1008110021,1333 BROADWAY,txdpVSoo4KdV_sXlkZ4Qww,SUCCESS,40.7511379,-73.9880074,Midtown
1008110031,"1350 Broadway, New York, NY 10018",PQHTNdRsiJivT_ARCmdaJg,SUCCESS,40.7507429,-73.9875574,Financial District
1008110051,"132 W 36th St, New York, NY 10018",6EJ95gkTfIwxbjjQ0sEF-w,SUCCESS,40.7516036,-73.98850689999999,Midtown-Times Square
1008110056,"142 W 36th St, New York, NY 10018",Ai1rfy3BpiBd_kzVHOpqrA,SUCCESS,40.7517257,-73.9887408,Midtown-Times Square
1008120006,"491 7 Ave, New York, NY 10018",OcyoWMR7pR0pcUbAGlglNw,SUCCESS,40.752632,-73.9892138,Midtown-Times Square
1008120069,"148 W 37th St, New York, NY 10018",9MX5JgnFsIV9TqsxYkFpmA,SUCCESS,40.75251280000001,-73.9888568,Garment District
1008130055,"1385 Broadway, New York, NY 10018",GCctPqVTnbvhkppYmMIbHg,SUCCESS,40.752844,-73.98730929999999,Midtown-Times Square
1008140046,"108 W 39th St, New York, NY 10018",s-4CntLofLBjZim--6cVGA,SUCCESS,40.7530225,-73.9861561,Midtown-Times Square
1008150001,"1411 Broadway, New York, NY 10018",YsORvmZjGxk7AyqJk18Yvw,SUCCESS,40.7541115,-73.98728489999999,Financial District
1008150014,"1412 Broadway, New York, NY 10018",RoLzKZYq_23cypVfpMiByA,SUCCESS,40.753615,-73.9865612,Midtown-Times Square
1008150046,"1430 Broadway, New York, NY 10018",1A0sGvY8L1vqxjnsbfmSog,SUCCESS,40.7539398,-73.9865382,Midtown-Times Square
1008160037,"84 5 Ave, New York, NY 10011",Dfini09qZ81g6VjV9U-OTw,SUCCESS,40.7387773,-73.9913957,Midtown South-Flatiron-Union Square
1008190010,"47 W 17th St, New York, NY 10011",zIfFDXYplcmT3y8vutF4iA,SUCCESS,40.7389555,-73.99445419999999,Midtown South-Flatiron-Union Square
1008190037,"118 5 Ave, New York, NY 10011",ejtvO0GzREjZZNZZLzv8DA,SUCCESS,40.73818199999999,-73.99245599999999,Midtown South-Flatiron-Union Square
1008190039,"122 5Th Ave, New York, NY 10011",f0Nl_qynibGbDwrCLld-og,SUCCESS,40.7384129,-73.99281239999999,Midtown South-Flatiron-Union Square
1008190056,"18 W 18th St, New York, NY 10011",OKHiWTYzKkyVyL69FJUIvw,SUCCESS,40.7420653,-74.0002263,Midtown South-Flatiron-Union Square
1008200026,"23 W 18th St, New York, NY 10011",YAsE7KY6w9Kfk3io8PKwew,SUCCESS,40.7391791,-73.99303359999999,Midtown South-Flatiron-Union Square
1008200038,"130 5 Ave, New York, NY 10011",Rt55n0vSbg04IxAg_QgLXg,SUCCESS,40.7388197,-73.99204449999999,Bryant Park
1008210014,"39 W 19th St, New York, NY 10011",fyxjU_OaIKfcvNR3_6sexQ,SUCCESS,40.7400126,-73.9933209,Chelsea
1008210032,"11 W 19th St, New York, NY 10011",XRP9mAKjnv4Q48e-QJkZbg,SUCCESS,40.7391118,-73.9915769,Midtown South-Flatiron-Union Square
1008210041,"148 5 Ave, New York, NY 10011",3ohD12WUGieAqbmWeTLyYQ,SUCCESS,40.7395637,-73.9915243,Bryant Park
1008210055,"18 W 20th St, New York, NY 10011",xAiSNKRJrn5tycs4xmuqQQ,SUCCESS,40.7399378,-73.99253879999999,Chelsea
1008220015,"27 W 20th St, New York, NY 10011",6KxHKT9YaQpQVVhWCJ1bhg,SUCCESS,40.7406158,-73.9927218,Chelsea
1008220031,"154 5 Ave, New York, NY 10118",Lw5z5R6385SgDBBY4PGPZA,SUCCESS,40.7399202,-73.9912954,Midtown South-Flatiron-Union Square
1008220049,"12 W 21st St, New York, NY 10010",D0AOU6CeSKLX6UncPd1ApQ,SUCCESS,40.7404649,-73.9916803,Chelsea
1008220052,"18 W 21st St, New York, NY 10010",HHJFkAEqXLZz9wW54sqPPQ,SUCCESS,40.7406441,-73.9918797,Midtown South-Flatiron-Union Square
1008220070,"54 W 21st St, New York, NY 10010",vsCP6-jkLmM9-YbbVVAL8Q,SUCCESS,40.74118170000001,-73.99319539999999,Chelsea
1008230024,"19 W 21st St, New York, NY 10010",HHJFkAEqXLZz9wW54sqPPQ,SUCCESS,40.7408702,-73.9917246,Midtown South-Flatiron-Union Square
1008230029,"15 W 21st St, New York, NY 10010",oOzStJczL8m2u4ORN6Rmfg,SUCCESS,40.7408896,-73.9916077,Chelsea
1008240028,"40 W 23rd St, New York, NY 10010",gFeehPtoKNayUy7rc3smYQ,SUCCESS,40.7419657,-73.9913507,Midtown South-Flatiron-Union Square
1008240032,"3 W 22nd St, New York, NY 10010",QFM-eM5d_4uRoFDidpeJpQ,SUCCESS,40.7412568,-73.9905526,Midtown South-Flatiron-Union Square
1008250012,"49 W 23rd St, New York, NY 10010",_VhyownjocFclTZQBO9o1Q,SUCCESS,40.7425959,-73.9913443,Chelsea
1008260026,"19 W 24th St, New York, NY 10010",9n125gsmtUnKnK8oI2dWhQ,SUCCESS,40.7430664,-73.9903997,Midtown South-Flatiron-Union Square
1008260046,"1115 Broadway, New York, NY 10010",bMLv_t9TzTFiGK3y5oElLg,SUCCESS,40.7429143,-73.9893287,Midtown South-Flatiron-Union Square
1008260057,"24 W 25th St, New York, NY 10010",jF8g3MhAG1AHkXeRL6q_cg,SUCCESS,40.7433292,-73.99038949999999,Midtown South-Flatiron-Union Square
1008260065,"40 W 25th St, New York, NY 10010",MLROfN-nHYceIDCv0H8PPg,SUCCESS,40.7437564,-73.9911487,Midtown South-Flatiron-Union Square
1008260069,"48 W 25th St, New York, NY 10010",gxtkqaJ4S8WNClVv1GmHZA,SUCCESS,40.743726,-73.991377,Midtown South-Flatiron-Union Square
1008280009,"37 W 26th St, New York, NY 10010",vmso1X5uR7Z3PeMESWsufg,SUCCESS,40.7445519,-73.99043240000002,Midtown South-Flatiron-Union Square
1008280033,"1140 Broadway, New York, NY 10001",E4rOt4wKGo_5piO_o-AyjQ,SUCCESS,40.7439141,-73.9887462,Midtown South-Flatiron-Union Square
1008290011,"45 W 27th St, New York, NY 10001",nnyHE71CT0x3lU2Ncrivpg,SUCCESS,40.7451715,-73.9900275,Midtown South-Flatiron-Union Square
1008290016,"31 W 27th St, New York, NY 10001",ErxEJal-vAQ3KP4LyzTAUA,SUCCESS,40.7490089,-73.9942925,Midtown South-Flatiron-Union Square
1008290032,"13 W 27th St, New York, NY 10001",R7c8GPo-dWOxlcdHNyn6cg,SUCCESS,40.7444381,-73.988327,Midtown South-Flatiron-Union Square
1008290036,"236 5 Ave, New York, NY 10001",56fEXdDImeB6irITurOB-g,SUCCESS,40.7444147,-73.98791949999999,Bryant Park
1008290068,"44 W 28th St, New York, NY 10001",UVLYPudxE2tcyhTlZRlMMg,SUCCESS,40.7456489,-73.9898259,Midtown South-Flatiron-Union Square
1008300062,"1195 Broadway, New York, NY 10001",s5IptDR3-7pukXygC6Brww,SUCCESS,40.74594099999999,-73.98897099999999,Midtown South-Flatiron-Union Square
1008320001,"856 Ave Of The Americas, New York, NY 10001",r5NwK8jiTCdsTuam8_i4uw,SUCCESS,40.7472487,-73.9892959,Bryant Park
1008320017,"1241 Broadway, New York, NY 10001",SWVU1nrAEfuXuQPUIZpfiw,SUCCESS,40.7471799,-73.9885379,Midtown South-Flatiron-Union Square
1008330006,"1255 Broadway, New York, NY 10001",qNpKeYEoUFRdmPw9r15LyQ,SUCCESS,40.7478405,-73.9885862,Midtown South-Flatiron-Union Square
1008330011,"1240 Broadway, New York, NY 10001",_T9QeN6N_InxsxNaaviHYw,SUCCESS,40.7474342,-73.9878535,Midtown South-Flatiron-Union Square
1008330038,"302 5 Ave, New York, NY 10016",0a_LNOkejAVLtJrNPqsfGA,SUCCESS,40.74673629999999,-73.9860573,Midtown South-Flatiron-Union Square
1008340019,"39 W 32nd St, New York, NY 10001",b7Dx1VDY1sfzvpqTMcreXw,SUCCESS,40.7481614,-73.9872958,Midtown South-Flatiron-Union Square
1008340049,"4 W 33rd St, New York, NY 10001",T1MOhNtP3pomZxXn9xl9xg,SUCCESS,40.748029,-73.985885,Garment District
1008360007,"43 W 34th St, New York, NY 10001",rSBVxB4lxWN7JAkfslOTOA,SUCCESS,40.7497789,-73.9867593,Midtown South-Flatiron-Union Square
1008360026,"7 W 34th St, New York, NY 10001",PfZ-rW8bzPDXJsJuJqsBVA,SUCCESS,40.7490211,-73.9853045,Midtown South-Flatiron-Union Square
1008360033,"1 W 34th St, New York, NY 10001",pAfOH2Ywl3UMZETES2ZVrw,SUCCESS,40.7481974,-73.9844102,Midtown South-Flatiron-Union Square
1008360035,"358 5 Ave, New York, NY 10001",EIpYe32sWee9L1VdsIxSDA,SUCCESS,40.7487274,-73.9847307,Midtown South-Flatiron-Union Square
1008360043,"366 5 Ave, New York, NY 10001",wZWxnaFyLHzPBkgH0BnjNA,SUCCESS,40.7491164,-73.9846159,Midtown South-Flatiron-Union Square
1008370023,"29 W 35th St, New York, NY 10001",mzmbiVQkTbd9h6pDRQPa-A,SUCCESS,40.7499441,-73.9855335,Midtown-Times Square
1008370036,"3 W 35th St, New York, NY 10018",XlhBmu94muvbzsBywaFT3A,SUCCESS,40.7494761,-73.9845852,Midtown-Times Square
1008370056,"16 W 36th St, New York, NY 10018",IFT2Z2N0RE3DVdTPwoMXDA,SUCCESS,40.7501154,-73.9847704,Midtown-Times Square
1008370058,"20 W 36th St, New York, NY 10018",qtOVbeRySeJTMFu8b1Yb4Q,SUCCESS,40.7500975,-73.9849826,Midtown-Times Square
1008380008,"63 W 36th St, New York, NY 10018",s7c59lnMOftVX63ie7A7_w,SUCCESS,40.75103500000001,-73.98613999999999,Midtown-Times Square
1008380012,"53 W 36th St, New York, NY 10018",MZ3uxi7nyhwcLmgTcRxpfQ,SUCCESS,40.7508381,-73.9858948,Midtown-Times Square
1008380015,"43 W 36th St, New York, NY 10018",_LCJfPJIpbWDpodKd-n5zw,SUCCESS,40.7506982,-73.98549369999999,Midtown-Times Square
1008380048,"402 5 Ave, New York, NY 10018",dhp2umcj7m2A4mVgYuUNBw,SUCCESS,40.7503718,-73.9836333,Midtown-Times Square
1008380062,"20 W 37th St, New York, NY 10018",MVBS5CQa-DFfX27CQwPr0A,SUCCESS,40.7507385,-73.9845187,Midtown-Times Square
1008380076,"48 W 37th St, New York, NY 10018",C4ghgTQX6ExBwYUcBTg4cA,SUCCESS,40.7511438,-73.9855453,Garment District
1008390009,"49 W 37th St, New York, NY 10018",XqhBoEwoKmnRqv_AnXSBLA,SUCCESS,40.7515629,-73.9855527,Midtown-Times Square
1008390019,"35 W 37th St, New York, NY 10018",gPvhjry3WTkUITdmjo5ytw,SUCCESS,40.7513403,-73.9850062,Garment District
1008390070,"42 W 38th St, New York, NY 10018",9YXQWN_BpOrnQ5EKBwdgYA,SUCCESS,40.7515309,-73.9847935,Garment District
1008400023,"29 W 38th St, New York, NY 10018",OneZReevvsyCiLyZ9q_Zow,SUCCESS,40.751751,-73.984335,Garment District
1008400028,"21 W 38th St, New York, NY 10018",b6LTN5Pc3NEAf7pAkuL0Kg,SUCCESS,40.7516998,-73.9839442,Garment District
1008400031,"15 W 38th St, New York, NY 10018",i2UDvwTuAe6pnMH96c2g3Q,SUCCESS,40.751606,-73.9836916,Midtown-Times Square
1008400058,"16 W 39th St, New York, NY 10018",hAy69VRsMK-21e1HkFtDhA,SUCCESS,40.7518757,-73.9834162,Midtown-Times Square
1008400071,"42 W 39th St, New York, NY 10018",XQvMyiqeLtKV3ax8rPX8vA,SUCCESS,40.7522844,-73.98432199999999,Garment District
1008410018,"35 W 39th St, New York, NY 10018",XQvMyiqeLtKV3ax8rPX8vA,SUCCESS,40.7526648,-73.9841332,Garment District
1008410031,"1 W 39th St, New York, NY 10018",xEHLVC2jwYjznYEdKQeXQg,SUCCESS,40.7521512,-73.98314669999999,Midtown-Times Square
1008410049,"452 5 Ave, New York, NY 10018",7uo9MNUPfGmeyiea1TI_Sw,SUCCESS,40.751879,-73.982348,Midtown-Times Square
1008410054,"8 W 40th St, New York, NY 10018",tGsmmzli4g0sAz4KYEO_fA,SUCCESS,40.7522652,-73.9826166,Midtown-Times Square
1008420042,"71 5 Ave, New York, NY 10003",Mzb_KNpUt4RBIYJ_nNGJhg,SUCCESS,40.736562,-73.9930213,Midtown South-Flatiron-Union Square
1008430045,"79 5 Ave, New York, NY 10003",E3oXpVlcy9siAPZlUhFRRw,SUCCESS,40.7369235,-73.9926876,Midtown South-Flatiron-Union Square
1008440001,"85 5 Ave, New York, NY 10003",jYMn773E3jCZOEL0Cv4JJA,SUCCESS,40.7374341,-73.9923261,Bryant Park
1008440003,"87 5 Ave, New York, NY 10003",jYMn773E3jCZOEL0Cv4JJA,SUCCESS,40.7374758,-73.9923359,Bryant Park
1008440042,"91 5 Ave, New York, NY 10003",5P_g9-2Cdq2rf33dMLWneA,SUCCESS,40.7375772,-73.9919627,Bryant Park
1008460026,"860 Broadway, New York, NY 10003",TERlOwjQSFSjzcicFqxMig,SUCCESS,40.7371223,-73.9898489,Financial District
1008470040,"230 Park Ave South, New York, NY 10003",fXWsRwTQIi5KH2UlKju4_A,SUCCESS,40.7377012,-73.9883851,Midtown South-Flatiron-Union Square
1008490016,"902 Broadway, New York, NY 10010",dv88gsWvnljvsjBDXKKq_Q,SUCCESS,40.7580242,-73.96534969999999,Midtown South-Flatiron-Union Square
1008490031,"45 E 20th St, New York, NY 10003",PCamv--yMM9JL5yRpNc8hA,SUCCESS,40.7387844,-73.9883559,Flatiron
1008490063,"912 Broadway, New York, NY 10010",1VtyocuxHQxVwCbl8BtsUA,SUCCESS,40.7394707,-73.9894365,Midtown South-Flatiron-Union Square
1008500001,"149 5 Ave, New York, NY 10010",I6qXO2ocDgWOIh7HM7LQvA,SUCCESS,40.7403248,-73.9902041,Bryant Park
1008500025,"33 E 21st St, New York, NY 10010",bw2v3582xPUIJZF5SAP-7w,SUCCESS,40.73951,-73.988473,Midtown South-Flatiron-Union Square
1008510041,"304 Park Ave South, New York, NY 10010",HVZVDphFN3PfryZCKkYxhA,SUCCESS,40.7400015,-73.9872778,Midtown South-Flatiron-Union Square
1008550037,"35 Madison Ave, New York, NY 10010",pxustDly9CGXZHxHZiGIsQ,SUCCESS,40.7427476,-73.986025,Midtown South-Flatiron-Union Square
1008560009,"11 E 26th St, New York, NY 10010",YjQTf93Zf0tST88lwOz5ag,SUCCESS,40.7434128,-73.9872529,Midtown South-Flatiron-Union Square
1008560058,"60 Madison Ave, New York, NY 10010",WNmVKfAuLz0XN-GvfVKPOg,SUCCESS,40.7432446,-73.98651509999999,Midtown South-Flatiron-Union Square
1008570024,"63 Madison Ave, New York, NY 10016",Z1ZpoNtQghP_iF793WKFkw,SUCCESS,40.7434963,-73.9855379,Midtown South-Flatiron-Union Square
1008570062,"72 Madison Ave, New York, NY 10016",bC_gaNjmxuj5I8HPNsjHhQ,SUCCESS,40.7438392,-73.9860791,Midtown South-Flatiron-Union Square
1008580006,"3 E 28th St, New York, NY 10016",xbqwDQeANJ4Qnrs3LmsA2Q,SUCCESS,40.7445152,-73.9866104,Midtown South-Flatiron-Union Square
1008580022,"79 Madison Ave, New York, NY 10016",Ytpa01NNNUVh1aY-t8Adyw,SUCCESS,40.7441779,-73.98541809999999,Midtown South-Flatiron-Union Square
1008580049,"38 E 29th St, New York, NY 10016",IEqamu8GnkOFVRG7QTDFWg,SUCCESS,40.7442719,-73.9844335,Midtown South-Flatiron-Union Square
1008590015,"102 Madison Ave, New York, NY 10016",4_VZ9HG7aoYB3MHGDBngig,SUCCESS,40.7449175,-73.9852973,Midtown South-Flatiron-Union Square
1008590024,"99 Madison Ave, New York, NY 10016",nlDIEEsQstZsF2c5Zy7bWA,SUCCESS,40.744701,-73.98491349999999,Midtown South-Flatiron-Union Square
1008590048,"434 Park Ave South, New York, NY 10016",HEHMPtQiZ4D16jkgzJzpew,SUCCESS,40.744426,-73.9834956,Midtown South-Flatiron-Union Square
1008590052,"44 E 30th St, New York, NY 10016",NfD_JRcIbEA7z0QlRtczjg,SUCCESS,40.7445914,-73.9839066,Midtown East
1008590064,"105 Madison Ave, New York, NY 10016",eUlP8huV4jatUtbgAlmSag,SUCCESS,40.7450384,-73.98470689999999,Midtown South-Flatiron-Union Square
1008590072,"112 Madison Ave, New York, NY 10016",xT74SeAbMoRhj8CSBk3RNw,SUCCESS,40.7458821,-73.98150319999999,Midtown South-Flatiron-Union Square
1008600001,"285 5 Ave, New York, NY 10118",Cvyfh-JEsa_tzg1-rCAYwg,SUCCESS,40.74609299999999,-73.986059,Midtown South-Flatiron-Union Square
1008600045,"450 Park Ave South, New York, NY 10016",tg7jlm5i--Gy76BhtzEMig,SUCCESS,40.7449847,-73.983182,Midtown South-Flatiron-Union Square
1008610001,"303 5 Ave, New York, NY 10016",7rYr3ApT2sceqhXfs3DVIQ,SUCCESS,40.7465944,-73.9856554,Midtown South-Flatiron-Union Square
1008610015,"134 Madison Ave, New York, NY 10016",hZwne3-1xAhT8JjWGLGigA,SUCCESS,40.7461349,-73.984431,Flatiron
1008610022,"135 Madison Ave, New York, NY 10016",jbDDhi2muxtANpV5f26Ydg,SUCCESS,40.7458779,-73.98403429999999,Midtown South-Flatiron-Union Square
1008610047,"44 E 32nd St, New York, NY 10016",rogQLVQDmudl3CWlG_Q5LA,SUCCESS,40.7458692,-73.9829669,Midtown South-Flatiron-Union Square
1008610049,"38 E 32nd St, New York, NY 10016",4NVJ11gGW4x68LeWVs7rDA,SUCCESS,40.7460583,-73.9831244,Midtown South-Flatiron-Union Square
1008610064,"148 Madison Ave, New York, NY 10016",WkpeG_lqOOwcd2ruTZtTXA,SUCCESS,40.7464413,-73.9842472,Midtown South-Flatiron-Union Square
1008610072,"6 E 32nd St, New York, NY 10016",3_1SYCDKE_uMNwqI1fHr4Q,SUCCESS,40.746545,-73.98498219999999,Midtown East
1008610075,"315 5 Ave, New York, NY 10016",3iySmR_uFcrIC0cqkQWjkg,SUCCESS,40.746987,-73.985404,Midtown South-Flatiron-Union Square
1008620013,"15 E 32nd St, New York, NY 10016",clmodzi22S-bqBG8CGjYrg,SUCCESS,40.7469162,-73.9843394,Midtown East
1008620026,"31 E 32nd St, New York, NY 10016",n5goS_LtMTcCYify8OBqug,SUCCESS,40.7464281,-73.98321539999999,Midtown South-Flatiron-Union Square
1008620045,"30 E 33rd St, New York, NY 10016",EHJ1tp6LfKcFmWQD4ngTJA,SUCCESS,40.7467682,-73.9829632,Midtown East
1008630027,"169 Madison Ave, New York, NY 10016",O-EaRdUPMKtLIihIKx2sEQ,SUCCESS,40.747151,-73.98304399999999,Flatiron
1008630060,"183 Madison Ave, New York, NY 10016",QrqR0_CJ-njOd9lIiITezQ,SUCCESS,40.7473712,-73.98255320000001,Flatiron
1008630067,"178 Madison Ave, New York, NY 10016",ciu2rLpwVOc5DWrg-c8BHg,SUCCESS,40.7474845,-73.983588,Flatiron
1008650014,"200 Madison Ave, New York, NY 10016",maFq8Ckqe2w_HyOzOYpn_w,SUCCESS,40.7488313,-73.9829823,Flatiron
1008660001,"389 5 Ave, New York, NY 10016",9YUSGOfjiuEuM8qZuw8jlQ,SUCCESS,40.7468189,-73.9862328,Bryant Park
1008660076,"397 5 Ave, New York, NY 10016",ThBGoyudVPzP9eag4lA4hA,SUCCESS,40.7499589,-73.98293199999999,Midtown-Times Square
1008680008,"5 E 38th St, New York, NY 10016",ZMMttB_AfHCXIZmswqGVBQ,SUCCESS,40.7508863,-73.9818845,Midtown-Times Square
1008680016,"260 Madison Ave, New York, NY 10016",fwwq0MehgGlc8NFnUWz1SA,SUCCESS,40.7507086,-73.9811666,Midtown-Times Square
1008680025,"261 Madison Ave, New York, NY 10016",fwwq0MehgGlc8NFnUWz1SA,SUCCESS,40.7505033,-73.98064520000001,Midtown-Times Square
1008680072,"437 5 Ave, New York, NY 10016",kMsrAPPF_v2Q6jCqpGvtGw,SUCCESS,40.7513275,-73.98215239999999,Midtown-Times Square
1008690034,"90 Park Ave, New York, NY 10016",hSFk_2kU7NeJyFNTXhrj0Q,SUCCESS,40.7507673,-73.9793811,Midtown-Times Square
1008690066,"10 E 40th St, New York, NY 10016",20lNVpqZlDKcsSXCXpaBqQ,SUCCESS,40.7517923,-73.9815459,Midtown-Times Square
1008710003,"32 Union Square, New York, NY 10003",A8qCQkvNSLxUe1-Iinytjw,SUCCESS,40.7358633,-73.9910835,Midtown
1008710060,"30 Irving Pl, New York, NY 10003",mUF1LVMr6GwFNEr3ptJ1Lw,SUCCESS,40.7349631,-73.9877319,Midtown
1008710070,"116 E 16th St, New York, NY 10003",VNabMbNx6jgajAf94WIU_Q,SUCCESS,40.73534,-73.9884797,Gramercy
1008720013,"35 Irving Pl, New York, NY 10003",-GY8CA4SEuVR9yYUwgkiaA,SUCCESS,40.7356038,-73.9877705,Gramercy
1008730067,"215 Park Ave South, New York, NY 10003",n4gATrt-g7vZ--dBI6sTQA,SUCCESS,40.7367921,-73.9883092,Gramercy
1008760001,"251 Park Ave South, New York, NY 10010",QIu288wwigg-BrLeTvCsHw,SUCCESS,40.7383725,-73.9872728,Gramercy
1008760006,257 PARK AVENUE SOUTH,R1ZpMuXWNQc0YT9veFudWA,SUCCESS,40.7386232,-73.9871351,Gramercy
1008780065,"120 E 23rd St, New York, NY 10010",9RYEuTn9wwzDSLs8kKczTw,SUCCESS,40.7396806,-73.9857026,Gramercy
1008790081,"315 Park Ave South, New York, NY 10010",PBY7xSY0kjzxb5DQeK7ggw,SUCCESS,40.7405707,-73.9854,Flatiron
1008800014,"121 E 24th St, New York, NY 10010",8tN8hfHbWtw04S3Fn0fPAw,SUCCESS,40.7406009,-73.984805,Gramercy
1008800084,"104 E 25th St, New York, NY 10010",Jor1gCZTgqXFFE8N8jlSFg,SUCCESS,40.7410752,-73.98505709999999,Gramercy
1008810001,"351 Park Ave South, New York, NY 10010",tZizviOTpwDVBm2o4R9xjg,SUCCESS,40.741703,-73.984853,Gramercy
1008820076,"116 E 27th St, New York, NY 10016",qEBgi7Qv3IJ8KpZ1mTtLuQ,SUCCESS,40.7421997,-73.9837809,Gramercy
1008830088,"401 Park Ave South, New York, NY 10016",47lqar9E5G1RiXh6PVzqBw,SUCCESS,40.742869,-73.9838685,Flatiron
1008860001,"443 Park Ave South, New York, NY 10016",HMW3ewy1E5EGVSWbGx2BQg,SUCCESS,40.7452255,-73.98242060000001,Murray Hill-Kips Bay
1008870095,"471 Park Ave South, New York, NY 10016",EsAgAyNGl-8iZkTMsozoRQ,SUCCESS,40.7454407,-73.981796,Murray Hill-Kips Bay
1009030047,"220 E 23rd St, New York, NY 10010",TOapdu2Tlccxsn1OBm28RA,SUCCESS,40.7382995,-73.9824061,Gramercy
1009400012,"321 E 34th St, New York, NY 10016",YChqolRWGatdjs_D2_40EQ,SUCCESS,40.7445443,-73.9749077,Midtown East
1009930001,"561 7 Ave, New York, NY 10018",YZfPi0r6g3bf8Xv85MAjsw,SUCCESS,40.7548048,-73.9875057,Garment District
1009930022,"115 W 40th St, New York, NY 10018",a0x-GJtRxTJJq7OrwuUmTg,SUCCESS,40.754204,-73.98574099999999,Garment District
1009930029,"5 Bryant Park, New York, NY 10018",Lz-vb5sydNHB8Cn5KveJ4A,SUCCESS,40.7539883,-73.9854888,Midtown-Times Square
1009930055,"1441 Broadway, New York, NY 10018",RJ4ltKpnGE6Z9AKzUCEvHw,SUCCESS,40.7542516,-73.9873791,Financial District
1009940001,"1459 Broadway, New York, NY 10019",Xca9MKT_CXOi-zYs8_2cTQ,SUCCESS,40.7556676,-73.9870445,Financial District
1009950033,"1111 Ave Of The Americas, New York, NY 10036",fp_gqOzT9HJjcD6jlKfSOA,SUCCESS,40.7553749,-73.9840917,Midtown-Times Square
1009960001,"1500 Broadway, New York, NY 10036",VTVlcOIysvEKILwIjf5bOw,SUCCESS,40.7567742,-73.985776,Midtown-Times Square
1009960029,"1133 Ave Of The Americas, New York, NY 10036",F6Zho2c7BrCFYyr9Q33Qpg,SUCCESS,40.756079,-73.983671,Midtown-Times Square
1009970029,"1155 Ave Of The Americas, New York, NY 10036",aH28FFSHR3qDrhG_lQyVfw,SUCCESS,40.75656070000001,-73.9833702,Midtown-Times Square
1009970041,"120 W 45th St, New York, NY 10036",UOgSFReIAcuE1KcBtf4jXA,SUCCESS,40.75704,-73.9838798,Midtown-Times Square
1009980012,"145 W 45th St, New York, NY 10036",MD5nySh9GUS4O22Lb1y8Ew,SUCCESS,40.757637,-73.9843975,Times Square
1009980024,"115 W 45th St, New York, NY 10036",d3_nkRJiS0bG71zUq9Eb2w,SUCCESS,40.7572464,-73.9832393,Midtown-Times Square
1009990003,"1560 Broadway, New York, NY 10036",2YU4SPMgXnl4pFh8ZHtohQ,SUCCESS,40.7589202,-73.9846853,Times Square
1009990009,"151 W 46th St, New York, NY 10036",_0ptLdfPViCwaIoqL0z8JQ,SUCCESS,40.7583973,-73.984109,Times Square
1009990019,"114 W 47th St, New York, NY 10036",KJPP_0IlKi9fzC18vcp7jQ,SUCCESS,40.7581194,-73.9830293,Midtown-Times Square
1009990029,"1185 Ave Of The Americas, New York, NY 10036",nuTnGz8_gIfHNeB_F85Pug,SUCCESS,40.7579714,-73.9823085,Midtown-Times Square
1010030005,"135 W 50th St, New York, NY 10020",gEYQG3Xa2nZIsBh7KjHoCQ,SUCCESS,40.7609198,-73.9822843,Midtown-Times Square
1010040020,"787 7 Ave, New York, NY 10019",mC2buAluJ5Tfl9nDreoL9A,SUCCESS,40.7618399,-73.9821877,Midtown-Times Square
1010040029,"1285 Ave Of The Americas, New York, NY 10019",MQ8rPZZc1CWTrOjdRYpMyw,SUCCESS,40.76110389999999,-73.9801635,Midtown-Times Square
1010070029,"1345 Ave Of The Americas, New York, NY 10019",5IDsFsaGXKBHkG7Une-0pA,SUCCESS,40.7628856,-73.9787198,Midtown-Times Square
1010080037,"106 W 56th St, New York, NY 10019",Hqprl-WEIVmh4o0hmD4Fsg,SUCCESS,40.7637989,-73.9783495,Midtown-Times Square
1010090005,"152 W 57th St, New York, NY 10019",ymYnC5Od6TaFhwUr47oncg,SUCCESS,40.7649798,-73.97951499999999,Midtown-Times Square
1010140033,"3 Times Square, New York, NY 10036",cJiksZ5m5esE1h1IgGy26A,SUCCESS,40.756572,-73.9870076,Times Square
1010150029,"1493 Broadway, New York, NY 10036",UdI9uD0n7wmqKd-GRo47IQ,SUCCESS,40.757227,-73.9867189,Midtown-Times Square
1010160036,"1515 Broadway, New York, NY 10036",2XBlhsesFI5kxcGwDsk_qw,SUCCESS,40.7578272,-73.9861366,Midtown-Times Square
1010210019,"1613 Broadway, New York, NY 10019",1brxYtIDfXUdzgf9Lf7fFg,SUCCESS,40.761138,-73.984653,Financial District
1010240015,"1675 Broadway, New York, NY 10019",RPZ23zgvCYOiVw2pOT0fBw,SUCCESS,40.7629603,-73.9832953,Midtown-Times Square
1010250025,"1690 Broadway, New York, NY 10019",srfQcz4GUnF3-TmTv9Q1XA,SUCCESS,40.763379,-73.9824594,Midtown-Times Square
1010250043,"1697 Broadway, New York, NY 10019",DoauedBiQ-cz2wXdXUGnEg,SUCCESS,40.7637921,-73.9832788,Financial District
1010260032,"848 7 Ave, New York, NY 10019",b1GpECoiGjwlQpCub4CKwg,SUCCESS,40.7639868,-73.9815098,Garment District
1010270020,"1740 Broadway, New York, NY 10019",wsbQSTFGYzMjT6c7esJMNA,SUCCESS,40.7651145,-73.9814962,Financial District
1010280029,"888 7 Ave, New York, NY 10106",FltXiCxCSxCJw8K8rK2X3Q,SUCCESS,40.7652901,-73.980757,Midtown-Times Square
1010290053,"1784 Broadway, New York, NY 10019",Eo_sFWWJQMQVQ5N_cJ6yJA,SUCCESS,40.7665239,-73.9811926,Financial District
1010320048,"330 W 42nd St, New York, NY 10036",aqUYA58IOrAIs1LMe99VLw,SUCCESS,40.7576238,-73.99147529999999,Hell's Kitchen
1010400029,"825 8 Ave, New York, NY 10019",phsmeZQu3cnTmaLlUu5n5g,SUCCESS,40.7614347,-73.9865081,Hell's Kitchen
1010540041,"420 W 45th St, New York, NY 10036",NRj-AhWBi45ATNTylAdDAA,SUCCESS,40.76064969999999,-73.99246169999999,Times Square
1011020018,"619 W 54th St, New York, NY 10019",g-Zk1pxxePbn6RPd7bUXlQ,SUCCESS,40.7689192,-73.9936647,Hell's Kitchen
1011050036,"600 W 58th St, New York, NY 10019",3i5ZsURR4ByahN_7_DHagQ,SUCCESS,40.7710504,-73.9915426,Midtown West
1011130051,"16 W 61st St, New York, NY 10023",JtP_rf4SDp8WYzhT9kEbEw,SUCCESS,40.7698851,-73.98268449999999,Upper West Side-Lincoln Square
1012590019,"23 W 43rd St, New York, NY 10036",FoDVSMd0gCHCTVzJSTp9mQ,SUCCESS,40.7548137,-73.9815742,Times Square
1012600024,"19 W 44th St, New York, NY 10036",wgdG2qyQ05cllbzN_wuaRg,SUCCESS,40.7553215,-73.9814794,Midtown-Times Square
1012600042,"2 W 45th St, New York, NY 10036",Cs2nmredGX5Tvf0tQApcig,SUCCESS,40.7555104,-73.9802022,Midtown-Times Square
1012600064,"56 W 45th St, New York, NY 10036",UU89XXwVHptGlukZL5J5QQ,SUCCESS,40.7561859,-73.9818267,Midtown-Times Square
1012600071,"1156 Ave Of The Americas, New York, NY 10036",sWgUXyZfIR7wRie76B4QLg,SUCCESS,40.7565377,-73.982545,Bryant Park
1012610016,"45 W 45th St, New York, NY 10036",J3_5xLBhvFkgy8qgAYLQLQ,SUCCESS,40.756359,-73.9811027,Midtown-Times Square
1012610019,"35 W 45th St, New York, NY 10036",-_phPmsDonugOiI9QpmbGw,SUCCESS,40.7562514,-73.98093709999999,Times Square
1012610021,"25 W 45th St, New York, NY 10036",5hNq_pqnIIA3tKMJGUhdPw,SUCCESS,40.7561364,-73.9806852,Times Square
1012610030,"7 W 45th St, New York, NY 10036",aMdS2dEavfUA10mVyxqv3w,SUCCESS,40.7559062,-73.9800684,Midtown-Times Square
1012610034,"546 5 Ave, New York, NY 10036",bgps5apSWvgTtfZlM5eCRQ,SUCCESS,40.7557714,-73.9799622,Midtown-Times Square
1012610036,"550 5 Ave, New York, NY 10036",akjd_j9ERHuLTJYiipdxBw,SUCCESS,40.75582530000001,-73.9796581,Bryant Park
1012610042,"2 W 46th St, New York, NY 10036",JQSSQX2rZK6l4w3I-J1SbA,SUCCESS,40.756119,-73.9797555,Midtown-Times Square
1012620024,"21 W 46th St, New York, NY 10036",fm9OcFYK5Ex48thgpv4_bw,SUCCESS,40.7566128,-73.9800612,Midtown-Times Square
1012620048,"16 W 47th St, New York, NY 10036",jJcxJSqWdobE9FhUcl5bDA,SUCCESS,40.7567161,-73.9792145,Midtown-Times Square
1012620054,"30 W 47th St, New York, NY 10036",sw6gJgAPtu0Xfuk5NGJMhw,SUCCESS,40.7571595,-73.98020249999999,Times Square
1012630007,"55 W 47th St, New York, NY 10036",7oxQXHHleqw6S2zqYGOyoA,SUCCESS,40.7578742,-73.9809197,Midtown-Times Square
1012630038,"590 5 Ave, New York, NY 10036",i1THIPVeY_yXscx-hqOSew,SUCCESS,40.7571655,-73.9785565,Midtown-Times Square
1012630051,"22 W 48th St, New York, NY 10036",Y48QTP1-J4vZ3POO2fgWXA,SUCCESS,40.7577259,-73.97936890000001,Midtown-Times Square
1012630059,"42 W 48th St, New York, NY 10036",luX2jnLHWyE_sahHD7Ztgw,SUCCESS,40.7579177,-73.9801391,Times Square
1012630071,"1212 Ave Of The Americas, New York, NY 10036",YaZt92zPHQs6qfBR6ghzXA,SUCCESS,40.7582577,-73.9812421,Midtown East
1012640040,"608 5 Ave, New York, NY 10020",dTXbPSi7NfSO_oHBIuHkgg,SUCCESS,40.7577687,-73.97802390000001,Midtown-Times Square
1012670001,"1290 Ave Of The Americas, New York, NY 10104",btqwp3LkbKg_Emcq5E2vGA,SUCCESS,40.7607947,-73.97913009999999,Midtown-Times Square
1012670022,"15 W 51st St, New York, NY 10104",MUZRiG--cXCp5uxQplHzCA,SUCCESS,40.76005000000001,-73.977715,Midtown West
1012670034,"640 5 Ave, New York, NY 10019",1kkgMSBVlsQlRZ1yzU3gfg,SUCCESS,40.7595199,-73.9772407,Midtown-Times Square
1012670041,"650 5 Ave, New York, NY 10019",Y0zPEoprnjjr8omqke6Deg,SUCCESS,40.7597388,-73.9768183,Midtown-Times Square
1012680001,"51 W 52nd St, New York, NY 10019",jyce4FgVV6AKiAZl3jeWtw,SUCCESS,40.7602386,-73.9806998,Midtown-Times Square
1012690001,"1330 Ave Of The Americas, New York, NY 10019",hl8mH9X2UDjFgxD1VC1AGw,SUCCESS,40.7544931,-73.9760333,Midtown-Times Square
1012700049,"20 W 55th St, New York, NY 10019",ibPKAZs5KZniv2aiQAiTZg,SUCCESS,40.7619634,-73.97616839999999,Midtown-Times Square
1012700071,"1350 Ave Of The Americas, New York, NY 10019",G6rex26FbiF_NQO0QCuHwg,SUCCESS,40.7625721,-73.9777976,Midtown-Times Square
1012710038,"712 5 Ave, New York, NY 10019",PC5desfyvbysfQQVRW9qFA,SUCCESS,40.7622869,-73.9750432,Bryant Park
1012710071,"1370 Ave Of The Americas, New York, NY 10019",zT0t9SobECGAczHCqbd-TA,SUCCESS,40.7632564,-73.9775451,Midtown
1012720034,"720 5 Ave, New York, NY 10019",PC5desfyvbysfQQVRW9qFA,SUCCESS,40.7626241,-73.9747244,Midtown-Times Square
1012720066,"48 W 57th St, New York, NY 10019",U7sFW5QvxJExNajfP3xfkg,SUCCESS,40.7638152,-73.9765066,Midtown-Times Square
1012730001,"1400 Ave Of The Americas, New York, NY 10019",eeBvpVuZz9e-EXomkdAiTQ,SUCCESS,40.7644863,-73.9767025,Midtown-Times Square
1012730012,"37 W 57th St, New York, NY 10019",NgOvLicHzR0bVSnvbLxtdQ,SUCCESS,40.764104,-73.97595439999999,Midtown West
1012750001,"461 5 Ave, New York, NY 10017",4lTLciYdoN5oiWNGcAURVg,SUCCESS,40.7521518,-73.9814189,Midtown-Times Square
1012750012,"15 E 40th St, New York, NY 10016",qhMup3J0cAG3ac_XKWbX3A,SUCCESS,40.7518084,-73.9806684,Midtown East
1012750014,"284 Madison Ave, New York, NY 10017",7FG5Ufuin6ojv3W8k7WdCQ,SUCCESS,40.7517597,-73.98037889999999,Flatiron
1012750023,"285 Madison Ave, New York, NY 10017",E1RvQUkow-ZE1ZZwWTQdFg,SUCCESS,40.751726,-73.9799171,Midtown-Times Square
1012750027,"100 Park Ave, New York, NY 10017",NcA8cFey3qWsFzNnCqCRqQ,SUCCESS,40.7513148,-73.9786773,Midtown-Times Square
1012750059,"292 Madison Ave, New York, NY 10017",TdqvfGN1Cfo4pqmI5IiYJA,SUCCESS,40.75194949999999,-73.9800905,Midtown-Times Square
1012770014,"330 Madison Ave, New York, NY 10017",uBE_6nqd55661jT6AiWQvQ,SUCCESS,40.7528164,-73.9792516,Flatiron
1012770069,"511 5 Ave, New York, NY 10017",4SaGibTi37FyF_t1NFLcDg,SUCCESS,40.7537084,-73.9802093,Midtown-Times Square
1012780001,"521 5 Ave, New York, NY 10018",rhgL0guTRjIWpunVIuILwA,SUCCESS,40.7564263,-73.9813618,Midtown-Times Square
1012780014,"340 Madison Ave, New York, NY 10173",og8oZPVDyCwP6kDC6pVVOA,SUCCESS,40.7539318,-73.9787085,Midtown-Times Square
1012780069,"529 5 Ave, New York, NY 10173",C_J0SB1AcZ2Lda6VKjEM1Q,SUCCESS,40.7543836,-73.9796053,Midtown-Times Square
1012790057,"352 Madison Ave, New York, NY 10017",ZqhcsGBIp7IWIXv8tza5CA,SUCCESS,40.754681,-73.9784169,Midtown-Times Square
1012790069,"545 5 Ave, New York, NY 10017",jmj0rO0vNcxzz2OyLeR2pQ,SUCCESS,40.755229,-73.9793837,Midtown-Times Square
1012810059,"18 E 46th St, New York, NY 10017",dfDAsY5AUXcfrEo4ZlOwpg,SUCCESS,40.755448,-73.97793399999999,Midtown-Times Square
1012810069,"553 5 Ave, New York, NY 10017",uCj1bkDcnPyp29aVLy-tAA,SUCCESS,40.755698,-73.97882,Midtown-Times Square
1012830017,"400 Madison Ave, New York, NY 10017",Lmgd-1VN7Nt-qCqhM3au0Q,SUCCESS,40.7564144,-73.9769074,Midtown-Times Square
1012830069,"589 5 Ave, New York, NY 10017",_SUhFs-MOATapmePAIZusA,SUCCESS,40.7569466,-73.9778147,Midtown-Times Square
1012840007,"7 E 48th St, New York, NY 10017",_03C59Z1kE-VPHsKoTGBMA,SUCCESS,40.757161,-73.9772507,Midtown East
1012840056,"424 Madison Ave, New York, NY 10017",fgkOAU4naYuJasEZaDz87A,SUCCESS,40.75720099999999,-73.9763454,Midtown-Times Square
1012850021,"437 Madison Ave, New York, NY 10022",G27D5wOF7xd43pQ1kyk23g,SUCCESS,40.75714,-73.9753561,Midtown-Times Square
1012860043,"34 E 51st St, New York, NY 10022",pgEP94QUmJ1pfSZcnLQ3hA,SUCCESS,40.7578794,-73.9746006,Upper East Side
1012870014,488 MADISON AVENUE,wDFZZxIeeL1VD7FBUmGodw,SUCCESS,40.7589103,-73.9751974,Midtown-Times Square
1012870021,"477 Madison Ave, New York, NY 10022",UuTqmyZq_3YLuu8_ySvs9g,SUCCESS,40.758558,-73.9746236,Midtown-Times Square
1012870033,"350 Park Ave, New York, NY 10022",LMjI7As2s7PXMUkYgHxSsw,SUCCESS,40.75833790000001,-73.973889,Midtown-Times Square
1012870052,"485 Madison Ave, New York, NY 10022",rGoLtqprY1q0xo-0NHlcxA,SUCCESS,40.75880859999999,-73.97448589999999,Midtown-Times Square
1012880001,"655 5 Ave, New York, NY 10022",ErTWi84mRQ5A56Bvu7e10g,SUCCESS,40.7598289,-73.9759167,Bryant Park
1012880007,"10 E 53rd St, New York, NY 10022",d88VbQLxC9X0he5DCIK8xQ,SUCCESS,40.759992,-73.97528919999999,Midtown-Times Square
1012890021,"515 Madison Ave, New York, NY 10022",FcJpbbLs_ZP24_F7ITy7Eg,SUCCESS,40.7597893,-73.9737557,Flatiron
1012890052,"527 Madison Ave, New York, NY 10022",-vxSITkdDwjmdote4WCp5w,SUCCESS,40.7600589,-73.9734802,Flatiron
1012900001,"689 5 Ave, New York, NY 10022",C9GVUwf9SHfFiB_W4JXYIQ,SUCCESS,40.7611663,-73.9750761,Midtown-Times Square
1012900003,"693 5 Ave, New York, NY 10022",9mF_CSho4UJHLhtF-gbCvA,SUCCESS,40.761152,-73.974791,Bryant Park
1012900006,"3 E 54th St, New York, NY 10022",yWMk4gFyJXKTzkB17d0EnA,SUCCESS,40.7609414,-73.9745791,Midtown-Times Square
1012900037,"410 Park Ave, New York, NY 10022",zp4-ARn2mkD7IosZAeGDOw,SUCCESS,40.7602693,-73.9723209,Upper East Side
1012900044,"66 E 55th St, New York, NY 10022",LPWt4KIUmf5CXf74xBeTQA,SUCCESS,40.7606601,-73.97274829999999,Upper East Side
1012910001,"711 5 Ave, New York, NY 10022",JCm9wypl9S0KcE10o669XQ,SUCCESS,40.7616991,-73.9743251,Midtown-Times Square
1012910010,"550 Madison Ave, New York, NY 10022",rxEGJ1Dq4-pDr2zFG6tTCA,SUCCESS,40.7613131,-73.9734414,Midtown-Times Square
1012910021,"551 Madison Ave, New York, NY 10022",v0H7TdQC0PfVI6oGPb5i_w,SUCCESS,40.7610446,-73.972968,Midtown-Times Square
1012910028,"65 E 55th St, New York, NY 10022",gFcANI9pPeDwKxVT2_83Ww,SUCCESS,40.760928,-73.9721295,Upper East Side
1012910038,"430 Park Ave, New York, NY 10022",JdZiN4GokVIQbwRsOp8pWw,SUCCESS,40.7607986,-73.97176220000001,Upper East Side
1012910045,"60 E 56th St, New York, NY 10022",bsrIbovowk43xYEfzStUJA,SUCCESS,40.7611782,-73.9723167,Midtown-Times Square
1012920037,"450 Park Ave, New York, NY 10022",m7uv7nIqiJ2cFTbaGsRMGA,SUCCESS,40.7614961,-73.9713699,Midtown-Times Square
1012920048,"32 E 57th St, New York, NY 10022",d5pSgVDE3_BDE0_QFC1wJA,SUCCESS,40.7618877,-73.9720979,Midtown-Times Square
1012920052,"575 Madison Ave, New York, NY 10022",31pqcjsy4wpfhUCXqrQqzg,SUCCESS,40.761814,-73.97235959999999,Midtown-Times Square
1012930026,"597 Madison Ave, New York, NY 10022",d5pSgVDE3_BDE0_QFC1wJA,SUCCESS,40.76235,-73.9718259,Midtown-Times Square
1012930035,"460 Park Ave, New York, NY 10022",SvVY-3oG5GA9w_N9yi3GEw,SUCCESS,40.7620224,-73.97100499999999,Upper East Side
1012930059,"600 Madison Ave, New York, NY 10022",E4VGHJ0qwoQBzSUvkxvboA,SUCCESS,40.7629891,-73.9723831,Midtown-Times Square
1012930069,"745 5 Ave, New York, NY 10022",lkapdD-HNx359PUkPH6amw,SUCCESS,40.7631512,-73.973342,Bryant Park
1012940037,"500 Park Ave, New York, NY 10022",LV5EV9Hlf4QIm2nOPCb4aA,SUCCESS,40.7629965,-73.9702824,Midtown-Times Square
1012940046,"625 Madison Ave, New York, NY 10022",ZcI8WKevOZlEUV4nOoNALg,SUCCESS,40.7632454,-73.9712843,Midtown-Times Square
1012950017,"354 Lexington Ave, New York, NY 10017",VCmMWwLbMJJK4SJPkMjvMA,SUCCESS,40.7503383,-73.9771323,Murray Hill-Kips Bay
1012950020,"363 Lexington Ave, New York, NY 10017",J3ns_YzcmQq_3mDfXMH2VA,SUCCESS,40.7505933,-73.97648749999999,Murray Hill-Kips Bay
1012950023,"355 Lexington Ave, New York, NY 10017",UaY10-NREvPliymWMTuS4g,SUCCESS,40.7502156,-73.9764544,Midtown East
1012950033,"622 3 Ave, New York, NY 10017",lag2p36NmTuv3jG4QUSnXQ,SUCCESS,40.750091,-73.9759533,Murray Hill-Kips Bay
1012950058,"364 Lexington Ave, New York, NY 10017",t6OONd9n5yISAdIDaaOe1Q,SUCCESS,40.7505863,-73.9768407,Murray Hill-Kips Bay
1012960001,"125 Park Ave, New York, NY 10168",m7TijATJ__OCzEioAxcmYw,SUCCESS,40.751727,-73.97745069999999,Murray Hill-Kips Bay
1012970023,"395 Lexington Ave, New York, NY 10174",xaRMDwdiWHAGaUJtRNCD3Q,SUCCESS,40.751522,-73.9756744,Midtown East
1012990022,"437 Lexington Ave, New York, NY 10017",QsjCdv_O6CDH0nba4-oYCg,SUCCESS,40.7529381,-73.97465799999999,Midtown East
1013000001,"230 Park Ave, New York, NY 10017",cuWvJYG95P0ceRYbYaoH7w,SUCCESS,40.75158649999999,-73.9774566,East Midtown-Turtle Bay
1013000033,"730 3 Ave, New York, NY 10017",kFc0xeBHKnW26VHTF6wF1w,SUCCESS,40.75316189999999,-73.9730488,Midtown East
1013010001,"245 Park Ave, New York, NY 10167",nduRWNB9h_84UTCxjVnfyQ,SUCCESS,40.7548321,-73.9752532,East Midtown-Turtle Bay
1013010023,"485 Lexington Ave, New York, NY 10017",7-Hdz5m2JxEWdbFfsFk2pA,SUCCESS,40.7542044,-73.9736139,East Midtown-Turtle Bay
1013010033,"750 3 Ave, New York, NY 10017",VDeIokE8TQ7wEdBhZBSbLg,SUCCESS,40.7537503,-73.97259129999999,Midtown East
1013030001,"299 Park Ave, New York, NY 11364",054WO0W8bKV7gzaPTHAo0w,SUCCESS,40.7563093,-73.97420869999999,East Midtown-Turtle Bay
1013030033,"776 3 Ave, New York, NY 10017",fCzSkZuvp0ESRWdTocaohQ,SUCCESS,40.7549035,-73.9720323,East Midtown-Turtle Bay
1013040033,"800 3 Ave, New York, NY 10022",4AXcAVNKyovEPnq1E2YXsQ,SUCCESS,40.7556476,-73.9713866,East Midtown-Turtle Bay
1013050013,"560 Lexington Ave, New York, NY 10022",dTGUp0z20UfHWZfy1soQLw,SUCCESS,40.7568337,-73.97267219999999,East Midtown-Turtle Bay
1013050040,"830 3 Ave, New York, NY 10022",AM4c2xCnNSuKtKAz6EYpKA,SUCCESS,40.7564053,-73.9707437,East Midtown-Turtle Bay
1013050060,"566 Lexington Ave, New York, NY 10022",dTGUp0z20UfHWZfy1soQLw,SUCCESS,40.7569033,-73.972667,East Midtown-Turtle Bay
1013060001,"345 Park Ave, New York, NY 10154",8H68VHq9xBT-A_faMmt9dA,SUCCESS,40.7580137,-73.9723008,East Midtown-Turtle Bay
1013070001,"375 Park Ave, New York, NY 10152",rouLWZIEFBaUXQNtdcmDMA,SUCCESS,40.7585212,-73.9724896,East Midtown-Turtle Bay
1013070014,"600 Lexington Ave, New York, NY 10022",VW0WD_9R2_jHR0-KqSVTmA,SUCCESS,40.757996,-73.9715748,East Midtown-Turtle Bay
1013080033,"880 3 Ave, New York, NY 10022",hnujprvaxgCDC87_ZJIrZw,SUCCESS,40.7581253,-73.9695875,East Midtown-Turtle Bay
1013090023,"641 Lexington Ave, New York, NY 10022",7Uy28_87JpkTnJ_2ipyZRQ,SUCCESS,40.7589689,-73.96973779999999,East Midtown-Turtle Bay
1013090032,"900 3 Ave, New York, NY 10022",KwQFuNikQp8jomc8A8N7fQ,SUCCESS,40.7586898,-73.9690009,Midtown East
1013090066,"110 E 55th St, New York, NY 10022",58PzPiWa4y9UkuGuUfSXmg,SUCCESS,40.7598734,-73.9712088,East Midtown-Turtle Bay
1013100041,"160 E 56th St, New York, NY 10022",2LOOjY5zFHrpmM8L1mO4xw,SUCCESS,40.7596846,-73.9686591,East Midtown-Turtle Bay
1013120015,"135 E 57th St, New York, NY 10022",avu024ggxqglyYED4CVsVg,SUCCESS,40.7597193,-73.9716759,Upper East Side
1013120024,"145 E 57th St, New York, NY 10022",Nf9At0_nWgVepeR02FctzA,SUCCESS,40.7609619,-73.9684491,Upper East Side
1013120041,"150 E 58th St, New York, NY 10155",XkA6u2w7yQuJ6ZHBPsbLMQ,SUCCESS,40.7611177,-73.9681954,East Midtown-Turtle Bay
1013130005,"111 E 58th St, New York, NY 10022",dsDJUFG16LO1GoCsLJyi4Q,SUCCESS,40.7622127,-73.9694998,East Midtown-Turtle Bay
1013130014,"722 Lexington Ave, New York, NY 10022",E6GuMD8w69TiuZR1MqIYmQ,SUCCESS,40.7619274,-73.9686577,East Midtown-Turtle Bay
1013150001,"655 3 Ave, New York, NY 10017",b7gaqx5QtTK9-md4dzyKKQ,SUCCESS,40.7502973,-73.9743898,Murray Hill-Kips Bay
1013160001,"675 3 Ave, New York, NY 10017",2Uzfo9pg4kF63qN7_5SP9g,SUCCESS,40.751077,-73.9738022,Murray Hill-Kips Bay
1013170001,"685 3 Ave, New York, NY 10017",XvT7K1fhOhIgONNX_t2Rhw,SUCCESS,40.7521879,-73.97280239999999,Murray Hill-Kips Bay
1013170021,"815 2 Ave, New York, NY 10017",2bzSQnRgYCO1IqkutZhPVg,SUCCESS,40.7507932,-73.9719425,Midtown East
1013180001,"711 3 Ave, New York, NY 10017",Gt8gt8awarSxYsDCe9nk5A,SUCCESS,40.75224860000001,-73.9729531,East Midtown-Turtle Bay
1013180033,"228 E 45th St, New York, NY 10017",UmQnWIUhgnVVBLxePc0_sA,SUCCESS,40.7519152,-73.9718264,Midtown East
1013190047,"733 3 Ave, New York, NY 10017",V5Uw3GnTORAW0W6ZNR0chA,SUCCESS,40.7528918,-73.9725656,East Midtown-Turtle Bay
1013200046,"747 3 Ave, New York, NY 10017",EZZq5ZSB6Sm9VoZwhYFpcA,SUCCESS,40.7535456,-73.9721419,East Midtown-Turtle Bay
1013210001,"757 3 Ave, New York, NY 10017",bXl91SGE9wgNOpNS9TyDPA,SUCCESS,40.7539115,-73.971662,East Midtown-Turtle Bay
1013210022,"885 2 Ave, New York, NY 10017",_cDPpQgpihwc_mchGp0RXQ,SUCCESS,40.7534902,-73.970055,East Midtown-Turtle Bay
1013210047,"767 3 Ave, New York, NY 10017",HttlnWPRWKn92qb9hQb_fg,SUCCESS,40.7541811,-73.9713866,East Midtown-Turtle Bay
1013220001,"777 3 Ave, New York, NY 10017",qxDqJttA7eLaP1XZ7jQRxQ,SUCCESS,40.7546905,-73.9711154,East Midtown-Turtle Bay
1013230047,"805 3 Ave, New York, NY 10022",UJ-6t4jJxYcU654nYXwZDA,SUCCESS,40.7554239,-73.97056789999999,East Midtown-Turtle Bay
1013250001,"845 3 Ave, New York, NY 10022",xBIh4moZS1uOjF3mJQjo7w,SUCCESS,40.7566468,-73.9698044,East Midtown-Turtle Bay
1013260001,"875 3 Ave, New York, NY 10022",Ds8OcJfVr5qAMQXSzogLDw,SUCCESS,40.757194,-73.96918579999999,East Midtown-Turtle Bay
1013280001,"909 3 Ave, New York, NY 10022",n051ZHq5TeOYYIRXmky9Tw,SUCCESS,40.7583293,-73.9679886,East Midtown-Turtle Bay
1013290001,"919 3 Ave, New York, NY 10022",v8DQDjwFMIMn-OA05RIKLQ,SUCCESS,40.75889859999999,-73.9680576,East Midtown-Turtle Bay
1013320001,"979 3 Ave, New York, NY 10022",Qi7pj7YNHYuEhHBFomntyA,SUCCESS,40.7608916,-73.9664334,East Midtown-Turtle Bay
1013740014,"650 Madison Ave, New York, NY 10022",yOQtI3ozSQAM7Y47tLOJ7g,SUCCESS,40.7642587,-73.97003959999999,Upper East Side-Carnegie Hill
1013740060,"10 E 60th St, New York, NY 10022",JWD8CLl-VckhGlWqbPduaw,SUCCESS,40.7643562,-73.9718949,Upper East Side-Carnegie Hill
1013750016,"652 Madison Ave, New York, NY 10065",1zNk3lqihV3u-4eL4FgxDQ,SUCCESS,40.764542,-73.971103,Upper East Side-Carnegie Hill
1013750021,"653 Madison Ave, New York, NY 10065",EA-kRfGO4pXqc9_Uq-FaKw,SUCCESS,40.7642648,-73.9705422,Upper East Side-Carnegie Hill
1013940001,"505 Park Ave, New York, NY 10022",rXyEUBDCyw8udZTneeCBmg,SUCCESS,40.76294,-73.96928,Upper East Side-Carnegie Hill
1013940013,"750 Lexington Ave, New York, NY 10022",5Qxu3vdlji8P7T-S32pm4Q,SUCCESS,40.7626903,-73.9682642,Upper East Side-Carnegie Hill
1013950017,"770 Lexington Ave, New York, NY 10065",q7WYwzVrE4wLO9YNlssaDg,SUCCESS,40.7631599,-73.9678826,Upper East Side-Carnegie Hill
1014350044,"306 E 61st St, New York, NY 10065",fAnc4YjjnV5ubaJwVwWM_w,SUCCESS,40.7614277,-73.9628321,Upper East Side-Lenox Hill-Roosevelt Island
1017740056,"132 E 126th St, New York, NY 10035",3VfEyQ-HNxT3ETC7Gecckw,SUCCESS,40.8049754,-73.9373068,Harlem
1017750033,"2322 3 Ave, New York, NY 10035",BlOyxyJE8ANlE0F70MQgJQ,SUCCESS,40.8084497,-73.9315067,Midtown East
1018840001,"2880 Broadway, New York, NY 10025",rTkEasfo3ko869sk1hKBHg,SUCCESS,40.8054595,-73.96538079999999,Midtown
1019670045,"461 W 126th St, New York, NY 10027",6cGQjIY2w5KDI_CYfUjQJg,SUCCESS,40.8136528,-73.9550734,Manhattanville-West Harlem
1019860065,"3280 Broadway, New York, NY 10027",wDuQk2jCUwQAM8luhm8IEw,SUCCESS,40.8183975,-73.9558666,Manhattanville-West Harlem
1019980017,"615 W 131st St, New York, NY 10027",n9gHYY7Eyyay04S9bRq2Ew,SUCCESS,40.8183268,-73.9578409,Harlem
1021240043,"3940 Broadway, New York, NY 10032",vbT030afN1wiFG9z1q37Yw,SUCCESS,40.8394842,-73.9403485,Times Square
1002310035,"451 Broadway, New York, NY 10013",ie3T1vQ7Z7KoYqFdw3S5sQ,SUCCESS,40.72066660000001,-74.0012368,Financial District
1005010015,"130 Prince St, New York, NY 10012",vaznsKs_vhXb9ufLebKsOw,SUCCESS,40.7253651,-74.0005917,SoHo-Little Italy-Hudson Square
1005640007,"113 University Pl, New York, NY 10003",VDELDIPBXJeEB-H-qoRmaA,SUCCESS,40.7343123,-73.9921693,Greenwich Village
1005770019,"34 W 14th St, New York, NY 10011",AJXMaG3u5O4nVZu4VkY4gg,SUCCESS,40.7365632,-73.9955135,Greenwich Village
1005970055,"333 Hudson St, New York, NY 10013",_iAjfLrh3fKELbWxshkaEA,SUCCESS,40.7271647,-74.00762739999999,SoHo-Little Italy-Hudson Square
1006970056,"536 W 26th St, New York, NY 10001",2AdHeVRk__VUE3EZQrCjGQ,SUCCESS,40.7502576,-74.004674,Chelsea
1007310001,"460 W 34th St, New York, NY 10001",hgzZup25ooV2INrjlKGvRg,SUCCESS,40.7541075,-73.9991227,Chelsea-Hudson Yards
1007590031,"315 W 35th St, New York, NY 10001",HafgvZTiGb-wBnc6P3MxjA,SUCCESS,40.7533334,-73.99360639999999,Garment District
1007600012,"347 W 36th St, New York, NY 10018",Spl20Lwb1K-Ad0vb0Y7qUQ,SUCCESS,40.75445879999999,-73.99439629999999,Chelsea-Hudson Yards
1007630049,"314 W 40th St, New York, NY 10018",F0TupK30JbDUCxh-umCe7A,SUCCESS,40.7562524,-73.9919558,Garment District
1007750058,"226 W 26th St, New York, NY 10001",S_d7XHTAGmzPH9t1Ku7JAw,SUCCESS,40.7463845,-73.9956739,Chelsea
1007840077,"494 8 Ave, New York, NY 10001",igP--85wAh6MzNzARfHSiw,SUCCESS,40.7526226,-73.99281359999999,Chelsea
1007850018,"237 W 35th St, New York, NY 10001",s8EZwgbShh_0g7AcpN6GVw,SUCCESS,40.7524014,-73.99133599999999,Garment District
1007890030,"205 W 39th St, New York, NY 10018",dLP4jgePfFE21KCpUHfK3g,SUCCESS,40.7545537,-73.9887574,Garment District
1007890075,"264 W 40th St, New York, NY 10018",6VqI4MMFj24NbQpxpWL-vw,SUCCESS,40.7556848,-73.99030599999999,Garment District
1008000068,"152 W 25th St, New York, NY 10001",n8hpl-BjHtWiR4jfOe0Efw,SUCCESS,40.7448789,-73.9939259,Chelsea-Hudson Yards
1008060058,"128 W 31st St, New York, NY 10001",GOgYhjZrureHXZVcanT9lw,SUCCESS,40.7482899,-73.9907059,Midtown South-Flatiron-Union Square
1008070028,"119 W 31st St, New York, NY 10001",JMdGedmiq-Vk2iWy6eFhIw,SUCCESS,40.7484778,-73.99004479999999,Midtown South-Flatiron-Union Square
1008110062,"152 W 36th St, New York, NY 10018",c7eUv6j7_9Zc3MzdeceopA,SUCCESS,40.7518346,-73.9891093,Midtown-Times Square
1008120016,"141 W 36th St, New York, NY 10018",Ai1rfy3BpiBd_kzVHOpqrA,SUCCESS,40.7520172,-73.9884989,Garment District
1008120019,"135 W 36th St, New York, NY 10018",6EJ95gkTfIwxbjjQ0sEF-w,SUCCESS,40.7518388,-73.9883833,Midtown-Times Square
1008220058,"30 W 21st St, New York, NY 10010",oQkPDEE5Mw50BcdCvRokqA,SUCCESS,40.7408207,-73.9923644,Midtown South-Flatiron-Union Square
1008220062,"38 W 21st St, New York, NY 10010",ytKe7H-G07BsapBEvfU2fg,SUCCESS,40.740917,-73.9926904,Chelsea
1008230073,"56 W 22nd St, New York, NY 10010",QSSQlx1-uqqnD9O50R_A7w,SUCCESS,40.7418412,-73.9928814,Chelsea
1008330057,"22 W 32nd St, New York, NY 10001",jLzgfW950wJTG5lqq4PXqg,SUCCESS,40.7475184,-73.98697589999999,Garment District
1008380072,"40 W 37th St, New York, NY 10018",gPvhjry3WTkUITdmjo5ytw,SUCCESS,40.7510009,-73.9852485,Garment District
1008390060,"22 W 38th St, New York, NY 10018",tfHUsFs1tjcfNZkB2RzwbQ,SUCCESS,40.7512817,-73.9839901,Midtown-Times Square
1008400013,"49 W 38th St, New York, NY 10018",m7O4rT8235_4xWM9CtaDsA,SUCCESS,40.7521614,-73.9848854,Midtown-Times Square
1008400042,"424 5 Ave, New York, NY 10018",Vvj7PLbhTXmcN7Wv91yV0A,SUCCESS,40.75139739999999,-73.9829673,Bryant Park
1008410001,"1040 Ave Of The Americas, New York, NY 10018",zuSOWt8xHpJ42DkSl_q_3g,SUCCESS,40.7527588,-73.9852974,Midtown-Times Square
1008410027,"15 W 39th St, New York, NY 10018",mk7AvIEJjYNuyGOjRDMixw,SUCCESS,40.7522616,-73.9834162,Midtown-Times Square
1008600049,"36 E 31st St, New York, NY 10016",_oAxcP3E2OiLf6FdmHWLkg,SUCCESS,40.7453315,-73.98351579999999,Midtown East
1008610003,"307 5 Ave, New York, NY 10016",kf2uc3eG5NzDnn0-X9w2Og,SUCCESS,40.7466387,-73.9853967,Bryant Park
1008620016,"152 Madison Ave, New York, NY 10016",CXlqigPxgn6PwJSWB8yw6g,SUCCESS,40.746638,-73.98398379999999,Midtown South-Flatiron-Union Square
1008630006,"1 E 33rd St, New York, NY 10016",92tWE_noPCkauRlx83BhkQ,SUCCESS,40.7477568,-73.9848568,Midtown South-Flatiron-Union Square
1008630029,"33 E 33rd St, New York, NY 10016",RV8WaXEv7Ws7jcSYjYDHnA,SUCCESS,40.7455628,-73.9798009,Midtown South-Flatiron-Union Square
1008680012,"9 E 38th St, New York, NY 10016",gMgInCO2GpozABiaEk0EgA,SUCCESS,40.7507188,-73.98171549999999,Midtown East
1008690020,"271 Madison Ave, New York, NY 10016",O-KF-6FmpvUUTcBqvsKxJA,SUCCESS,40.7512129,-73.98011919999999,Flatiron
1008690064,"16 E 40th St, New York, NY 10016",pMxepv79yMmltPmN59lmEg,SUCCESS,40.751508,-73.98100699999999,Midtown East
1008810029,"137 E 25th St, New York, NY 10010",yICYvqhKrDdEVi3aZCmawg,SUCCESS,40.740855,-73.983142,Flatiron
1008830001,"387 Park Ave South, New York, NY 10016",eM2VKdN9ynG2UkF7YnPAXg,SUCCESS,40.7429012,-73.98413819999999,Gramercy
1009950005,"1472 Broadway, New York, NY 10036",PP2tBISc5TVC68DQjnCeAA,SUCCESS,40.7560246,-73.98594299999999,Midtown-Times Square
1010030029,"1271 Ave Of The Americas, New York, NY 10020",5FRauYV2erFO7yY9yomPvA,SUCCESS,40.7604744,-73.98024629999999,Midtown East
1010100021,"119 W 57th St, New York, NY 10019",FhuBhhEDFstTOJz_NqgCGg,SUCCESS,40.7644476,-73.9837095,Midtown West
1010120023,"215 W 40th St, New York, NY 10018",VLoN90dUSLfFMEt5K_2mSg,SUCCESS,40.7553432,-73.98863109999999,Midtown-Times Square
1010130029,"592 7 Ave, New York, NY 10036",jSECKg94Xx28GVqL-wa64w,SUCCESS,40.755759,-73.98739499999999,Midtown-Times Square
1011130008,"27 W 60th St, New York, NY 10023",kO7QQT-JT6EGCVxTCrlpZQ,SUCCESS,40.7696745,-73.9833136,Upper West Side
1012620001,"1180 Ave Of The Americas, New York, NY 10036",nNnphKzZffBEnwSuahmP5w,SUCCESS,40.7571822,-73.98146659999999,Midtown
1012840002,"597 5 Ave, New York, NY 10017",6UYP7weG1KHQPdGcH9QWFQ,SUCCESS,40.7573575,-73.9776899,Midtown-Times Square
1012980023,"425 Lexington Ave, New York, NY 10017",_QDOmW_bqGl1ZMKMrpT-Ig,SUCCESS,40.7519822,-73.9746576,East Midtown-Turtle Bay
1013910014,"974 Madison Ave, New York, NY 10075",lVEDE1e_JREmutS-pdo50w,SUCCESS,40.774782,-73.963475,Flatiron
1022150824,"4116 9 Ave, New York, NY 10034",4U__psclmqu0gkf7LfMjOQ,SUCCESS,40.8714914,-73.911716,Inwood
